Time,AvgPredGen,AvgPredNodes,AvgPredConnections,AvgPreyGen,AvgPreyNodes,AvgPreyConnections,predatorPop,predatorSpecies,preyPopulation,preySpecies
0,0,27,0,0,27,0,180,180,800,800
0.05,0,27,0,0,27,0,180,180,777,777
0.1,0,27,0,0,27,0,180,180,750,750
0.15,0,27,0,0,27,0,180,180,785,780
0.2,0,27,0,0,27,0,180,180,766,761
0.25,0,27,0,0,27,0,37,36,797,786
0.3,0,27,1,0,27,0,32,29,780,770
0.35,0,27,1,0,27,0,19,11,800,786
0.4,1,27,1,0,27,0,21,10,775,761
0.45,1,27,1,0,27,0,32,10,778,762
0.5,1,27,1,1,27,0,40,10,759,740
0.55,2,27,1,1,27,0,51,9,722,705
0.6,2,27,1,1,27,0,75,9,765,725
0.65,2,27,1,1,27,0,101,9,639,609
0.7,2,27,1,2,27,0,136,9,637,591
0.75,3,27,2,1,27,0,166,9,608,553
0.8,3,27,2,2,27,0,180,9,532,483
0.85,3,27,2,2,27,0,180,10,551,502
0.9,3,27,2,2,27,0,180,10,462,429
0.95,4,27,2,2,27,0,180,9,582,516
1,4,27,2,2,27,0,175,10,413,385
1.05,4,27,2,3,27,0,171,10,567,511
1.1,4,27,2,3,27,0,171,13,404,375
1.15,4,27,2,4,27,0,162,11,481,455
1.2,5,27,2,3,27,0,169,10,386,371
1.25,5,27,2,4,27,0,160,12,299,287
1.3,5,28,2,4,27,0,159,13,341,329
1.35,5,27,2,5,27,0,129,10,277,264
1.4,5,28,2,4,27,0,111,12,368,346
1.45,6,27,2,5,27,0,97,10,316,299
1.5,6,27,2,5,27,0,95,9,393,365
1.55,6,28,2,5,27,0,86,9,377,347
1.6,7,28,3,6,27,0,76,9,466,413
1.65,7,27,3,6,27,0,74,9,485,431
1.7,7,28,3,6,27,0,88,8,425,376
1.75,7,28,3,6,27,0,111,8,458,395
1.8,8,28,3,6,27,0,129,8,372,309
1.85,8,28,3,7,27,0,137,10,452,378
1.9,9,28,3,7,27,0,128,12,363,306
1.95,9,28,3,7,27,1,128,16,381,309
2,9,28,3,7,27,1,143,13,241,192
2.05,10,28,4,8,27,1,145,17,218,170
2.1,10,28,4,8,27,1,129,16,174,139
2.15,11,28,4,9,27,1,108,17,120,92
2.2,12,28,4,8,27,1,87,18,92,59
2.25,13,28,4,9,27,2,62,12,79,45
2.3,13,28,4,8,27,1,45,11,94,53
2.35,15,28,4,9,27,1,41,11,88,55
2.4,15,28,4,9,27,2,35,8,84,47
2.45,15,28,4,9,27,1,31,8,88,54
2.5,15,28,4,9,27,2,33,7,94,57
2.55,16,28,4,10,28,2,33,5,83,37
2.6,16,28,4,10,28,3,30,3,62,17
2.65,17,28,4,10,28,4,32,3,80,13
2.7,17,28,4,11,28,4,26,3,75,7
2.75,17,28,4,10,29,5,20,3,112,10
2.8,17,28,4,11,28,4,15,3,119,10
2.85,17,28,4,10,29,5,12,3,176,8
2.9,17,28,4,11,29,5,11,3,195,11
2.95,18,28,4,11,29,5,14,3,273,11
3,18,28,4,11,29,5,17,3,343,16
3.05,18,28,4,12,29,4,19,3,409,21
3.1,19,28,4,11,29,5,21,3,614,25
3.15,19,28,4,12,29,5,28,3,677,26
3.2,20,28,4,12,29,5,40,4,798,30
3.25,20,28,5,13,29,5,61,6,800,29
3.3,21,28,5,13,29,5,92,7,798,29
3.35,21,28,5,13,29,5,146,9,722,38
3.4,21,28,5,14,29,5,180,10,612,37
3.45,22,28,5,14,29,5,180,10,436,34
3.5,22,28,5,15,29,5,180,10,323,33
3.55,22,28,5,14,29,5,179,11,263,22
3.6,22,28,5,15,28,4,180,12,173,16
3.65,22,28,5,15,29,5,171,15,124,12
3.7,22,28,5,16,28,5,147,15,78,9
3.75,22,28,5,15,29,5,112,14,62,7
3.8,22,28,5,16,29,5,63,10,60,6
3.85,22,28,5,16,29,6,38,6,67,9
3.9,23,28,5,17,29,6,31,4,71,9
3.95,23,28,5,17,29,6,26,4,81,9
4,24,29,5,18,29,6,23,3,101,9
4.05,24,29,6,18,29,6,19,3,113,10
4.1,24,29,6,17,29,6,16,3,149,12
4.15,24,29,6,19,29,6,16,2,178,15
4.2,25,29,6,18,29,6,13,3,242,23
4.25,25,29,6,19,29,6,14,3,303,28
4.3,25,28,6,18,29,6,18,2,415,33
4.35,26,28,6,19,29,6,22,3,504,39
4.4,26,28,6,19,29,6,30,3,635,50
4.45,26,28,6,19,29,6,46,3,796,58
4.5,27,29,6,20,29,6,67,7,799,65
4.55,27,29,6,20,29,6,108,8,799,65
4.6,27,29,6,21,29,6,165,15,714,70
4.65,27,29,6,20,29,6,180,17,627,68
4.7,27,29,6,21,29,6,180,17,513,64
4.75,27,29,6,21,29,6,180,17,393,50
4.8,27,29,6,22,29,6,179,20,291,44
4.85,27,29,6,22,29,6,180,20,218,39
4.9,27,29,6,23,29,7,173,18,156,34
4.95,27,29,6,22,29,7,168,20,91,24
5,27,29,6,22,29,7,137,16,62,19
5.05,27,29,6,23,29,7,86,15,50,15
5.1,26,29,6,23,29,7,44,8,46,12
5.15,26,29,6,24,29,7,26,5,46,12
5.2,26,29,6,24,30,7,16,2,57,12
5.25,26,29,6,25,29,7,11,2,66,12
5.3,25,29,7,24,30,7,9,2,83,15
5.35,24,28,6,24,30,7,8,2,102,14
5.4,26,29,7,24,30,7,7,2,135,15
5.45,27,28,6,24,30,7,4,2,185,16
5.5,32,29,8,25,30,7,3,1,234,18
5.55,32,29,9,25,30,7,4,1,323,20
5.6,32,29,9,26,30,7,5,1,422,26
5.65,32,29,9,25,30,8,9,1,588,32
5.7,32,29,9,26,30,7,12,1,747,46
5.75,33,29,9,26,30,7,22,1,799,53
5.8,33,29,9,26,30,7,31,1,800,57
5.85,33,29,9,26,30,7,41,1,800,59
5.9,34,29,9,26,30,7,55,1,800,61
5.95,34,29,9,27,30,7,82,3,796,69
6,34,30,9,26,30,7,115,4,800,71
6.05,34,30,10,27,30,7,153,5,798,77
6.1,35,30,10,27,30,8,180,8,775,67
6.15,35,30,10,27,30,7,180,8,712,72
6.2,35,30,10,27,30,8,180,7,614,67
6.25,35,30,10,27,30,8,180,7,578,65
6.3,35,30,10,28,30,8,180,8,543,63
6.35,35,30,10,28,30,8,180,9,459,58
6.4,35,30,10,29,30,8,180,9,405,53
6.45,35,30,10,28,30,8,180,8,340,47
6.5,35,30,10,29,30,7,175,8,314,43
6.55,35,30,10,29,30,8,177,8,256,40
6.6,35,30,10,30,30,8,178,9,190,36
6.65,36,30,10,29,30,8,156,7,136,26
6.7,36,30,10,30,30,8,146,8,96,18
6.75,36,30,10,31,30,8,119,8,102,19
6.8,36,30,10,31,30,8,82,6,80,17
6.85,36,30,9,31,30,8,52,4,88,19
6.9,36,29,9,31,30,8,42,3,100,20
6.95,36,29,9,31,30,7,24,2,124,20
7,36,29,9,31,30,8,22,2,151,22
7.05,36,29,9,31,30,8,21,2,181,25
7.1,36,29,9,32,30,8,21,2,231,26
7.15,36,29,9,31,30,8,19,2,290,28
7.2,36,29,9,32,30,8,22,2,395,33
7.25,37,29,9,31,30,8,25,2,494,41
7.3,37,29,9,32,30,8,31,2,649,43
7.35,38,30,10,32,30,8,44,2,792,55
7.4,38,30,10,32,30,8,58,3,799,56
7.45,38,30,10,32,30,8,82,4,800,65
7.5,38,30,10,33,30,8,112,6,799,63
7.55,38,30,10,32,30,8,145,6,799,72
7.6,39,30,10,32,30,9,180,6,780,74
7.65,39,30,10,33,30,9,180,6,765,79
7.7,39,30,10,33,30,9,180,6,717,74
7.75,39,30,10,34,30,9,179,7,637,66
7.8,39,30,11,34,30,9,180,8,605,65
7.85,39,30,11,35,30,9,180,8,572,62
7.9,39,30,11,35,30,9,180,8,528,64
7.95,39,30,11,35,30,9,180,8,467,59
8,39,30,11,36,30,9,179,8,432,62
8.05,39,30,11,36,30,9,179,9,407,57
8.1,39,30,11,36,30,9,180,9,361,50
8.15,39,30,11,36,30,9,180,9,337,48
8.2,39,30,11,37,30,9,172,9,304,46
8.25,39,30,11,37,30,9,177,9,264,44
8.3,39,30,11,38,30,9,168,7,219,42
8.35,39,30,11,37,30,9,157,7,205,44
8.4,40,30,11,38,30,9,145,7,191,39
8.45,40,30,11,37,30,9,125,7,188,39
8.5,40,30,11,37,30,9,105,8,193,37
8.55,40,30,10,38,30,9,83,7,191,36
8.6,40,30,11,38,31,10,75,8,228,36
8.65,41,30,11,39,31,10,71,8,223,37
8.7,41,30,11,38,31,10,73,8,246,36
8.75,41,30,11,39,31,10,76,8,246,34
8.8,41,30,11,39,31,10,81,8,279,36
8.85,41,30,11,39,31,10,89,8,294,37
8.9,41,30,11,40,31,10,97,9,310,43
8.95,42,30,11,39,31,10,109,9,313,47
9,42,30,11,40,31,10,113,9,295,51
9.05,42,30,11,39,31,10,120,10,320,54
9.1,42,30,11,40,31,10,124,11,305,56
9.15,42,30,11,40,31,10,136,11,284,53
9.2,42,30,11,41,31,10,142,10,248,45
9.25,42,30,11,41,31,10,156,10,226,44
9.3,43,30,11,41,31,10,148,9,207,38
9.35,43,30,11,42,31,10,149,10,153,32
9.4,43,30,11,42,31,10,124,11,137,30
9.45,43,30,11,42,31,10,106,9,82,25
9.5,43,30,11,42,31,10,90,8,84,25
9.55,43,30,11,43,31,10,70,9,72,23
9.6,43,30,11,43,31,10,44,7,78,20
9.65,43,30,11,43,30,9,35,6,79,18
9.7,43,30,11,43,30,9,28,5,91,18
9.75,43,30,11,43,30,9,24,4,111,20
9.8,43,30,11,44,30,9,23,4,128,18
9.85,44,30,12,43,30,9,19,4,167,20
9.9,44,30,12,44,30,9,21,4,187,22
9.95,44,30,12,44,30,9,24,4,258,27
10,45,30,12,45,30,9,24,2,290,27
10.05,45,30,12,44,30,9,28,2,389,38
10.1,45,30,12,45,30,10,30,2,450,42
10.15,45,30,12,45,30,10,47,2,549,51
10.2,46,30,12,45,31,10,59,3,624,55
10.25,46,30,12,46,31,10,82,3,705,63
10.3,46,30,12,46,31,10,122,4,769,66
10.35,46,30,12,46,31,10,176,5,696,75
10.4,47,30,12,46,31,10,180,5,671,67
10.45,47,30,12,47,31,10,180,6,571,68
10.5,47,30,12,46,31,10,180,6,485,68
10.55,47,30,12,47,31,10,180,6,381,55
10.6,47,30,12,47,31,10,179,8,315,48
10.65,47,30,12,48,31,10,177,8,234,42
10.7,47,30,12,48,31,10,177,9,179,33
10.75,47,30,12,48,31,10,163,11,144,29
10.8,47,30,12,48,31,10,122,11,128,26
10.85,47,30,12,48,30,10,94,9,121,22
10.9,47,30,12,49,30,10,72,6,116,21
10.95,47,30,12,49,31,10,57,4,126,20
11,48,30,12,49,31,10,46,4,134,19
11.05,48,30,12,49,31,10,40,4,145,20
11.1,48,30,12,49,31,10,40,5,167,24
11.15,48,30,12,50,31,11,39,5,197,26
11.2,48,30,12,50,31,10,42,4,248,26
11.25,49,30,12,50,31,10,38,3,289,27
11.3,49,30,12,50,31,10,41,4,367,32
11.35,49,30,12,50,31,10,46,5,409,34
11.4,49,30,12,50,31,11,54,6,518,38
11.45,50,30,12,50,31,10,66,7,574,48
11.5,50,30,12,51,31,11,100,9,650,53
11.55,50,30,13,51,31,10,144,15,606,60
11.6,50,30,13,51,31,11,180,15,540,54
11.65,50,30,13,51,31,11,180,15,431,56
11.7,51,30,13,52,31,10,180,14,322,51
11.75,51,30,13,52,31,11,179,16,266,42
11.8,51,30,13,52,31,10,176,15,192,33
11.85,51,30,13,53,31,11,162,15,135,29
11.9,51,30,13,52,31,11,143,14,101,24
11.95,51,30,13,52,31,11,115,11,77,17
12,51,30,13,52,31,11,71,8,74,16
12.05,52,30,13,53,31,12,43,7,72,18
12.1,52,31,13,53,31,12,25,6,93,19
12.15,52,31,13,54,31,12,18,6,111,20
12.2,52,30,12,54,31,12,13,6,156,25
12.25,52,30,12,54,31,12,13,5,187,29
12.3,52,30,12,55,31,12,11,5,257,40
12.35,53,30,11,55,31,12,15,5,327,41
12.4,53,30,11,55,31,12,17,5,430,48
12.45,53,30,11,55,31,12,25,5,544,58
12.5,53,30,12,56,31,12,29,5,684,72
12.55,54,30,12,56,31,12,44,5,798,80
12.6,54,30,12,56,31,12,65,5,800,81
12.65,55,30,12,56,31,12,99,5,798,80
12.7,55,30,12,56,31,12,152,5,760,81
12.75,55,30,12,57,32,13,180,6,740,80
12.8,55,30,12,56,31,12,180,6,613,81
12.85,55,30,12,58,31,13,180,6,538,70
12.9,56,30,12,57,31,12,180,6,453,62
12.95,56,30,12,58,31,12,180,6,369,52
13,56,30,12,57,31,12,179,6,301,43
13.05,56,30,12,58,31,12,175,5,210,35
13.1,56,30,12,58,31,12,161,6,191,30
13.15,56,31,12,59,31,12,161,7,109,23
13.2,56,31,12,60,31,13,132,7,89,20
13.25,56,31,12,60,31,13,102,6,74,19
13.3,56,31,12,60,31,12,76,6,62,18
13.35,56,31,13,60,31,13,53,6,53,16
13.4,57,31,12,60,31,12,43,4,62,17
13.45,57,31,13,60,31,13,32,3,56,17
13.5,57,31,12,60,31,12,22,3,70,17
13.55,57,31,12,61,31,13,16,3,94,18
13.6,57,31,12,61,31,12,12,2,117,21
13.65,57,31,12,61,31,13,9,2,160,23
13.7,57,31,12,61,31,13,7,2,213,25
13.75,57,30,12,61,31,13,4,2,288,29
13.8,57,31,12,62,31,13,5,2,369,31
13.85,58,31,12,62,31,13,5,2,517,44
13.9,58,31,12,62,32,13,8,2,672,47
13.95,58,31,13,62,31,13,10,2,800,53
14,59,31,13,62,31,13,19,2,799,52
14.05,59,31,13,62,31,13,28,2,800,52
14.1,60,31,13,62,31,13,43,2,799,55
14.15,60,31,13,63,31,13,63,3,800,58
14.2,60,31,13,63,31,13,103,4,799,57
14.25,61,31,13,63,31,13,155,5,767,56
14.3,61,31,13,63,31,13,180,7,713,57
14.35,61,31,13,64,31,13,180,8,576,52
14.4,61,31,13,64,31,13,180,8,507,49
14.45,61,31,13,64,31,13,180,7,409,45
14.5,61,31,13,64,31,13,180,8,323,40
14.55,61,31,13,64,31,13,180,8,263,35
14.6,61,31,13,64,31,13,179,8,212,33
14.65,61,31,13,64,31,13,160,9,179,34
14.7,61,31,13,64,32,13,154,9,126,30
14.75,61,31,13,63,31,13,122,9,109,25
14.8,61,31,13,64,32,14,106,9,93,24
14.85,61,31,13,64,32,13,74,7,112,23
14.9,61,31,13,64,32,14,51,5,131,25
14.95,61,31,13,65,32,14,43,5,149,25
15,61,31,13,65,32,14,33,4,175,26
15.05,62,31,13,65,32,14,33,5,204,27
15.1,62,31,14,65,32,14,35,5,247,28
15.15,61,31,14,66,32,15,33,4,298,31
15.2,62,31,14,66,32,14,34,4,386,37
15.25,62,31,14,66,32,15,38,4,458,40
15.3,62,31,14,66,32,14,51,4,580,45
15.35,63,31,14,67,32,15,79,6,625,52
15.4,63,32,14,66,32,14,112,7,637,55
15.45,63,32,14,67,32,14,161,10,579,54
15.5,64,32,14,67,32,14,180,10,492,54
15.55,64,32,14,67,32,14,180,11,435,51
15.6,64,32,14,67,32,15,180,11,366,48
15.65,64,32,14,67,32,15,179,11,320,45
15.7,64,32,14,68,32,15,180,12,247,40
15.75,64,32,14,67,32,15,177,12,186,39
15.8,64,32,14,68,33,16,164,9,148,33
15.85,64,32,15,68,33,16,149,8,117,29
15.9,64,32,15,69,33,16,125,8,96,23
15.95,64,32,15,69,33,17,85,8,88,22
16,65,32,15,68,33,16,60,8,83,20
16.05,65,32,15,69,33,17,48,7,90,21
16.1,65,32,15,69,33,17,37,6,89,21
16.15,65,32,15,70,33,17,26,5,115,22
16.2,64,32,15,70,33,17,24,4,124,23
16.25,65,32,15,70,33,17,21,4,152,24
16.3,65,32,15,70,33,17,24,4,192,25
16.35,65,32,15,70,33,17,26,3,233,32
16.4,65,32,15,71,33,18,23,3,297,36
16.45,66,32,16,71,33,17,25,3,378,42
16.5,66,32,15,72,33,18,29,3,491,52
16.55,66,32,15,71,33,17,42,4,578,61
16.6,66,32,15,72,33,18,62,6,690,81
16.65,67,32,15,72,33,18,83,6,780,82
16.7,67,32,15,72,33,18,125,8,797,86
16.75,67,32,15,73,33,18,180,11,712,89
16.8,67,32,15,72,33,17,180,12,605,77
16.85,67,32,15,73,33,18,180,13,513,75
16.9,67,32,15,73,33,17,180,14,446,65
16.95,67,32,15,73,33,18,180,14,372,61
17,67,32,15,73,33,17,180,14,289,54
17.05,67,32,15,73,33,18,180,12,226,52
17.1,67,32,15,73,33,18,172,11,188,43
17.15,68,32,15,73,33,18,164,10,137,38
17.2,68,32,15,73,33,17,146,6,105,33
17.25,68,32,15,72,33,16,111,7,83,28
17.3,68,31,14,72,33,17,87,5,67,24
17.35,68,31,14,72,33,17,64,4,67,21
17.4,68,31,14,73,33,17,44,3,63,21
17.45,69,31,14,73,33,17,33,2,84,23
17.5,69,32,15,73,33,17,25,2,86,23
17.55,69,31,14,73,33,17,17,2,123,26
17.6,69,32,14,73,33,17,14,2,138,26
17.65,69,32,15,73,33,17,11,2,198,28
17.7,69,32,15,73,33,17,11,2,251,31
17.75,69,32,14,74,33,17,12,2,324,32
17.8,69,31,14,73,33,16,18,2,426,33
17.85,70,31,14,74,33,17,22,2,480,35
17.9,70,32,15,74,33,17,31,2,704,45
17.95,70,32,15,74,33,17,45,2,737,44
18,71,32,15,74,33,17,75,2,800,49
18.05,72,32,15,74,33,17,117,2,741,48
18.1,72,32,15,75,33,17,176,2,685,51
18.15,72,32,15,74,33,17,180,2,557,44
18.2,72,32,15,75,33,17,180,2,432,38
18.25,72,32,15,74,33,17,180,2,386,37
18.3,72,32,15,75,33,17,180,2,304,35
18.35,73,32,15,74,33,17,175,2,244,32
18.4,73,32,15,74,33,17,179,2,171,27
18.45,73,32,15,75,33,17,163,2,143,25
18.5,73,32,15,75,33,17,135,2,105,23
18.55,73,32,15,76,33,18,105,2,84,23
18.6,73,32,15,76,33,18,79,2,76,22
18.65,73,32,15,78,33,19,57,2,78,20
18.7,73,32,15,76,33,17,41,2,85,19
18.75,74,32,16,77,33,18,28,2,96,19
18.8,74,32,16,77,33,18,24,2,121,20
18.85,74,32,15,77,33,18,22,2,138,19
18.9,74,32,15,77,33,18,23,2,170,19
18.95,74,32,16,77,33,18,24,2,191,19
19,74,32,16,77,33,18,23,2,252,22
19.05,74,32,15,77,33,18,23,2,310,25
19.1,74,32,15,78,33,18,23,2,381,26
19.15,74,32,15,78,33,18,30,2,503,27
19.2,74,32,15,78,33,18,38,2,589,29
19.25,74,32,15,78,33,18,55,2,740,31
19.3,75,32,16,78,33,18,90,2,779,37
19.35,75,32,16,78,33,18,146,2,793,36
19.4,75,32,16,78,33,17,180,2,686,44
19.45,75,32,16,78,33,18,180,2,562,32
19.5,75,32,16,77,33,17,180,2,489,37
19.55,75,32,16,78,33,17,180,2,377,34
19.6,76,32,16,78,33,18,179,2,319,29
19.65,75,32,16,79,33,18,179,3,242,32
19.7,76,32,16,79,33,18,180,4,175,29
19.75,76,32,16,80,34,19,169,3,106,24
19.8,76,32,16,81,34,20,134,3,94,25
19.85,76,32,16,82,34,20,98,4,64,20
19.9,76,32,16,82,34,21,71,4,66,18
19.95,76,32,16,82,34,20,49,6,57,19
20,77,32,16,83,34,21,34,5,56,17
20.05,77,33,17,83,34,20,29,5,66,19
20.1,76,32,16,83,34,20,22,4,66,19
20.15,76,32,16,84,34,20,20,3,82,19
20.2,76,32,15,85,34,20,17,3,98,18
20.25,77,32,15,85,34,20,16,2,124,19
20.3,77,31,14,85,34,20,15,2,143,23
20.35,77,31,14,85,34,20,14,2,194,26
20.4,77,31,14,86,34,20,13,2,245,27
20.45,76,31,13,86,34,20,10,2,331,32
20.5,77,31,13,86,34,20,13,2,433,37
20.55,77,30,13,86,34,20,16,2,568,43
20.6,77,30,13,86,34,20,27,2,730,49
20.65,78,30,13,86,34,20,46,2,799,51
20.7,78,30,13,87,34,20,77,4,799,56
20.75,79,30,13,87,34,20,117,5,786,62
20.8,79,30,13,87,34,20,180,9,737,91
20.85,79,30,13,87,34,20,180,9,631,80
20.9,79,30,13,88,34,20,180,9,539,84
20.95,79,30,13,87,34,20,180,9,458,73
21,79,30,13,88,34,20,180,11,368,65
21.05,79,30,13,88,34,21,180,13,295,56
21.1,79,30,13,88,34,20,177,13,237,48
21.15,79,30,13,88,34,21,176,13,174,44
21.2,80,31,13,89,34,21,152,13,169,39
21.25,80,31,13,89,34,20,138,11,121,36
21.3,80,31,13,89,33,19,111,10,109,28
21.35,80,31,13,88,34,19,86,11,93,25
21.4,80,31,13,88,33,19,64,6,86,22
21.45,80,30,13,88,34,19,51,5,88,23
21.5,80,31,13,89,34,19,41,4,102,23
21.55,80,30,13,89,33,18,38,2,122,23
21.6,80,30,13,89,34,19,29,2,141,23
21.65,80,30,13,89,33,19,26,2,185,26
21.7,80,30,13,90,34,19,22,3,222,27
21.75,81,30,13,90,33,18,24,4,303,32
21.8,81,30,13,90,33,19,22,4,360,34
21.85,81,30,13,90,33,19,22,4,502,38
21.9,81,30,14,90,33,19,30,5,611,45
21.95,81,31,14,90,33,19,42,7,769,48
22,82,31,14,91,33,19,63,11,799,53
22.05,82,31,14,91,34,19,93,13,799,51
22.1,82,31,14,91,33,19,156,15,790,57
22.15,83,31,14,92,34,20,180,16,666,59
22.2,83,31,14,92,33,19,179,16,562,55
22.25,83,31,14,92,34,20,180,16,493,54
22.3,83,31,14,93,34,20,180,16,420,49
22.35,83,31,14,94,33,19,180,19,349,51
22.4,83,31,14,94,34,20,180,19,260,39
22.45,83,31,14,95,34,20,178,19,236,35
22.5,83,31,14,94,34,20,176,22,185,30
22.55,83,31,15,94,34,20,153,23,151,31
22.6,83,31,15,93,34,20,139,22,106,29
22.65,83,31,15,95,34,19,116,20,101,27
22.7,84,31,14,95,34,20,92,19,83,28
22.75,84,31,14,97,33,19,65,15,72,24
22.8,84,31,14,96,33,19,53,13,81,26
22.85,84,30,14,96,34,20,34,11,82,26
22.9,84,30,14,97,33,19,25,10,111,27
22.95,84,30,14,97,33,20,17,7,122,27
23,84,31,14,98,33,20,17,7,185,28
23.05,84,30,14,97,33,20,14,5,216,32
23.1,84,31,15,98,33,20,14,5,301,39
23.15,84,31,15,98,34,20,17,5,377,44
23.2,85,31,15,98,33,20,19,5,478,49
23.25,86,31,16,98,33,20,28,5,634,60
23.3,86,31,16,99,34,20,49,6,667,71
23.35,86,31,16,100,33,20,82,10,795,79
23.4,87,31,16,100,34,20,123,12,747,83
23.45,87,31,16,101,33,20,178,19,795,82
23.5,87,31,16,101,34,20,180,19,689,81
23.55,87,31,16,102,34,20,180,19,712,86
23.6,87,31,16,101,34,20,180,20,620,81
23.65,87,31,16,102,34,21,179,18,557,80
23.7,87,31,16,102,34,20,180,16,470,76
23.75,87,31,16,102,34,20,180,16,378,72
23.8,87,31,16,102,34,20,180,17,322,75
23.85,87,31,16,102,34,20,178,18,281,72
23.9,88,31,16,103,34,20,175,17,210,61
23.95,88,31,16,103,34,20,175,17,194,54
24,88,31,16,102,34,20,166,16,147,47
24.05,88,31,16,102,34,20,141,18,143,41
24.1,88,31,16,103,33,20,111,17,123,39
24.15,88,31,16,104,33,20,90,16,115,36
24.2,88,31,16,105,33,20,75,15,119,36
24.25,88,31,16,105,33,20,63,9,130,36
24.3,89,31,16,105,34,20,50,9,145,36
24.35,89,31,15,106,33,20,41,7,167,38
24.4,89,31,15,106,33,20,40,6,199,44
24.45,89,31,15,106,34,21,44,6,237,51
24.5,90,31,15,106,33,20,42,6,292,53
24.55,90,31,16,107,33,21,46,5,344,56
24.6,90,31,16,107,33,20,43,5,413,58
24.65,91,31,16,108,33,21,57,5,498,63
24.7,91,31,16,107,33,21,70,6,571,67
24.75,91,31,16,108,33,21,92,7,667,70
24.8,92,31,16,108,34,21,128,7,680,73
24.85,92,31,16,108,34,21,177,11,681,75
24.9,92,31,16,109,34,21,180,11,602,80
24.95,92,31,16,108,34,21,179,11,516,79
25,92,31,16,109,34,21,180,11,478,77
25.05,92,31,16,109,34,21,180,11,399,72
25.1,92,31,16,109,33,21,180,10,342,70
25.15,92,31,16,109,33,21,180,10,311,63
25.2,92,31,16,109,33,21,177,9,270,56
25.25,92,31,16,109,33,21,173,10,254,60
25.3,92,31,16,109,34,21,179,12,201,49
25.35,93,31,16,109,34,21,159,12,178,51
25.4,93,31,16,109,34,21,144,11,150,48
25.45,93,31,16,110,34,22,122,11,138,45
25.5,93,31,16,110,34,22,98,12,132,42
25.55,94,31,16,110,34,22,82,9,118,41
25.6,94,31,16,111,34,22,73,8,124,36
25.65,94,31,16,110,34,22,59,7,148,33
25.7,94,31,16,110,34,22,54,8,156,31
25.75,94,31,16,110,34,23,45,6,175,32
25.8,95,31,16,111,35,24,42,6,201,35
25.85,96,31,16,111,34,23,37,6,231,37
25.9,96,31,17,111,35,23,35,7,289,41
25.95,96,31,17,112,34,23,38,7,319,47
26,96,31,17,111,35,24,46,7,409,53
26.05,96,31,17,112,35,24,57,7,462,55
26.1,96,31,17,112,35,24,68,7,542,63
26.15,97,31,17,113,35,24,87,10,612,71
26.2,97,32,18,112,35,25,128,13,641,77
26.25,97,32,18,113,35,24,171,14,571,74
26.3,97,32,18,113,35,24,180,14,460,70
26.35,98,32,18,113,35,25,180,14,392,61
26.4,98,32,18,114,35,24,180,15,321,60
26.45,98,32,18,114,35,26,172,15,259,53
26.5,98,32,18,115,35,25,169,16,222,48
26.55,98,32,18,114,36,26,164,16,196,43
26.6,98,32,18,115,35,25,151,17,154,37
26.65,98,32,18,114,35,25,132,14,124,31
26.7,99,32,17,115,35,25,106,11,106,30
26.75,99,32,18,115,35,24,85,10,109,28
26.8,98,32,18,116,35,25,60,9,128,28
26.85,98,32,18,116,34,23,43,8,144,29
26.9,99,32,18,116,35,24,31,8,163,31
26.95,99,32,18,116,34,24,32,10,196,35
27,98,32,18,116,35,24,25,9,258,37
27.05,98,32,18,117,35,25,32,10,310,41
27.1,98,32,18,117,35,25,31,10,411,45
27.15,99,32,18,117,35,25,40,10,495,47
27.2,99,32,17,117,35,25,49,11,602,54
27.25,99,32,17,118,35,25,71,13,663,58
27.3,99,32,17,118,35,25,98,14,741,71
27.35,99,32,17,118,35,25,151,16,718,73
27.4,99,32,17,118,35,25,180,16,632,78
27.45,99,32,17,118,35,26,180,16,576,73
27.5,99,32,17,119,35,26,180,17,470,60
27.55,99,32,17,119,35,26,180,18,428,62
27.6,99,32,17,119,35,26,180,20,351,57
27.65,100,32,17,119,35,26,175,23,307,53
27.7,100,32,17,119,36,26,179,22,236,48
27.75,100,32,17,119,35,25,179,20,166,42
27.8,100,32,17,119,35,25,166,20,142,44
27.85,100,32,17,119,35,24,153,20,109,34
27.9,100,32,17,119,35,25,116,18,110,33
27.95,100,32,17,119,35,24,80,17,115,33
28,100,32,17,119,35,24,52,14,124,36
28.05,100,32,17,120,35,25,40,14,131,38
28.1,101,32,17,120,35,25,37,12,150,36
28.15,101,32,17,121,35,25,38,13,154,37
28.2,101,32,17,121,35,25,40,14,183,39
28.25,101,32,17,122,35,26,46,16,198,41
28.3,101,32,18,122,35,25,44,16,233,43
28.35,102,32,18,121,35,26,45,17,277,51
28.4,102,32,18,122,35,25,47,15,309,52
28.45,102,32,18,122,35,26,56,15,374,57
28.5,103,32,18,123,35,26,67,16,405,60
28.55,103,32,18,123,35,25,84,17,449,61
28.6,103,32,19,123,35,25,104,18,460,60
28.65,103,32,19,123,35,25,125,20,497,59
28.7,104,32,19,123,35,25,159,26,433,61
28.75,104,32,19,123,35,25,179,26,351,58
28.8,104,32,19,123,36,27,180,26,274,58
28.85,104,32,19,124,36,27,180,26,196,48
28.9,104,32,19,124,36,27,165,26,155,38
28.95,105,33,19,125,35,27,156,25,120,32
29,105,32,19,125,35,27,125,22,100,33
29.05,105,32,19,126,36,28,99,23,89,32
29.1,105,32,19,125,36,27,64,21,98,29
29.15,105,33,19,124,35,27,51,18,86,29
29.2,105,32,19,126,35,26,48,15,97,27
29.25,106,32,19,126,36,27,40,12,98,27
29.3,107,32,19,127,36,28,33,8,125,27
29.35,107,32,19,127,36,27,32,8,131,25
29.4,107,33,19,127,36,28,25,8,167,28
29.45,106,32,19,127,36,28,20,6,208,28
29.5,107,33,19,127,36,28,23,6,235,31
29.55,108,33,20,128,36,28,25,5,326,34
29.6,108,33,20,127,36,28,30,5,361,37
29.65,108,33,20,128,36,28,40,5,497,48
29.7,109,33,20,128,36,28,49,5,537,55
29.75,109,33,20,129,36,29,72,5,653,61
29.8,110,33,21,129,36,28,113,5,610,64
29.85,110,33,21,129,36,29,151,5,590,69
29.9,110,33,21,130,36,30,180,6,503,70
29.95,110,33,21,129,37,30,180,6,394,58
30,110,33,21,130,36,29,180,6,319,52
30.05,111,33,21,130,36,29,177,6,214,48
30.1,111,33,21,130,36,28,178,8,175,40
30.15,111,33,21,130,35,27,163,8,125,39
30.2,111,33,21,130,35,27,132,8,119,38
30.25,111,33,21,130,35,26,97,7,86,34
30.3,111,33,21,130,36,27,81,7,64,31
30.35,111,33,21,130,35,27,61,7,63,28
30.4,111,33,20,130,36,29,32,5,59,25
30.45,112,33,20,131,36,29,29,5,72,23
30.5,112,33,20,131,37,30,26,5,81,22
30.55,111,33,20,131,37,30,19,5,114,22
30.6,111,33,20,131,37,32,17,4,117,21
30.65,111,33,19,132,38,32,16,3,158,23
30.7,111,33,19,132,38,32,19,3,180,24
30.75,110,33,19,133,38,33,18,3,238,24
30.8,110,32,18,133,38,32,20,3,304,25
30.85,111,33,19,133,38,33,25,3,379,29
30.9,111,32,18,133,38,32,34,3,486,33
30.95,111,32,18,133,38,33,44,3,550,33
31,111,33,18,134,38,33,56,3,708,39
31.05,111,33,18,134,38,34,89,3,706,45
31.1,112,33,19,134,38,34,138,3,754,48
31.15,112,33,19,134,38,34,180,3,643,59
31.2,112,33,19,135,39,35,180,3,555,58
31.25,112,33,19,135,39,35,180,3,467,49
31.3,112,33,19,135,39,36,180,3,385,44
31.35,112,33,19,136,39,36,180,4,317,47
31.4,112,33,19,136,39,37,180,4,253,45
31.45,112,33,19,137,39,36,179,6,212,41
31.5,112,33,19,135,39,37,172,5,144,36
31.55,112,33,19,137,39,37,153,5,120,29
31.6,112,32,18,136,40,38,120,4,86,26
31.65,112,32,18,137,39,37,92,3,78,27
31.7,112,32,18,137,38,34,70,2,69,25
31.75,112,32,18,136,39,36,42,2,65,24
31.8,112,33,18,137,38,34,29,2,78,22
31.85,112,33,19,137,38,35,29,3,75,23
31.9,112,33,19,137,38,34,22,3,98,23
31.95,112,33,19,137,38,35,21,2,106,23
32,112,33,19,137,38,35,21,2,147,23
32.05,112,32,18,137,38,35,20,2,168,23
32.1,112,32,18,138,39,35,17,2,230,25
32.15,112,32,18,139,38,35,15,1,288,25
32.2,112,32,18,139,39,36,15,1,363,29
32.25,112,32,18,139,39,35,23,1,484,30
32.3,113,32,18,139,39,36,32,1,582,34
32.35,113,32,18,139,39,36,41,1,738,35
32.4,114,32,18,139,39,36,71,1,786,40
32.45,114,32,18,139,39,36,121,1,796,42
32.5,115,32,18,139,39,36,177,1,696,39
32.55,115,32,18,138,39,36,180,1,626,48
32.6,115,32,18,139,39,35,180,1,498,41
32.65,115,32,18,139,39,36,180,1,433,43
32.7,115,32,18,140,39,36,179,1,318,36
32.75,115,32,18,140,40,37,179,1,213,32
32.8,115,32,18,142,40,38,180,2,160,32
32.85,115,32,18,140,40,38,167,2,112,27
32.9,115,32,18,140,39,37,129,2,103,27
32.95,115,32,18,140,39,37,97,2,88,25
33,115,32,18,139,39,36,69,1,77,22
33.05,115,32,18,140,38,34,56,1,69,21
33.1,116,32,18,140,38,34,43,1,82,24
33.15,115,32,18,140,38,34,34,1,83,23
33.2,115,32,18,141,39,35,25,1,107,23
33.25,116,32,18,141,39,35,26,1,122,22
33.3,116,32,18,142,39,35,21,1,148,22
33.35,116,32,18,141,39,36,26,1,175,22
33.4,116,32,18,143,39,36,30,1,206,21
33.45,116,32,18,142,39,37,32,1,251,27
33.5,116,32,18,143,39,37,34,1,303,28
33.55,117,32,18,143,39,37,41,1,380,33
33.6,117,32,18,143,39,37,48,1,423,32
33.65,117,32,18,144,39,37,67,1,486,40
33.7,118,32,18,143,39,37,87,2,492,42
33.75,118,33,18,145,39,37,119,2,514,45
33.8,118,33,18,145,39,37,158,3,461,47
33.85,118,33,19,146,39,37,180,4,358,44
33.9,118,33,19,145,39,37,180,4,274,42
33.95,119,33,19,145,39,37,179,4,198,40
34,119,33,19,144,39,36,171,4,143,34
34.05,119,33,19,145,38,35,153,4,99,30
34.1,119,33,19,143,38,35,121,4,81,26
34.15,119,33,19,144,39,37,85,3,57,26
34.2,120,33,19,147,39,37,64,3,61,24
34.25,121,33,19,146,39,36,46,2,60,23
34.3,121,33,19,147,39,36,30,2,64,22
34.35,121,33,19,147,39,36,22,2,84,24
34.4,122,33,20,148,39,36,13,2,100,28
34.45,122,33,20,147,39,37,12,2,131,31
34.5,122,33,19,148,39,36,12,1,157,33
34.55,123,33,19,149,39,37,10,1,213,39
34.6,123,33,19,148,38,36,13,1,269,40
34.65,123,33,19,149,39,37,14,1,331,45
34.7,123,33,19,148,39,36,20,1,419,48
34.75,124,33,19,149,39,37,27,1,541,54
34.8,124,33,19,149,39,37,32,1,695,65
34.85,124,33,19,149,39,36,45,1,800,74
34.9,125,33,19,150,39,37,78,3,793,80
34.95,125,33,19,150,39,36,117,4,799,89
35,126,33,19,150,39,38,180,5,660,78
35.05,126,33,19,150,39,37,180,5,574,77
35.1,126,33,19,151,39,38,180,5,449,63
35.15,126,33,19,151,39,37,180,5,356,63
35.2,126,33,19,152,39,37,180,5,264,56
35.25,126,33,19,152,39,37,179,5,162,37
35.3,126,33,19,152,38,36,168,5,111,32
35.35,126,33,19,153,39,38,140,5,76,29
35.4,126,33,20,154,39,37,107,5,66,24
35.45,126,33,20,154,38,36,72,5,58,23
35.5,127,33,20,156,38,37,40,4,67,24
35.55,126,33,20,155,38,36,24,2,59,22
35.6,126,33,19,154,38,36,23,1,74,25
35.65,126,33,19,154,38,36,18,1,87,25
35.7,127,33,19,155,38,36,16,1,107,24
35.75,127,33,19,155,38,37,16,1,129,26
35.8,128,33,19,155,39,37,17,1,168,28
35.85,129,33,19,156,38,37,16,1,213,35
35.9,129,33,20,156,39,37,16,1,261,38
35.95,130,33,20,157,39,37,17,2,348,45
36,130,33,20,156,39,37,21,2,407,51
36.05,130,33,20,157,39,38,25,2,551,61
36.1,131,33,20,157,39,38,36,2,642,71
36.15,131,33,20,157,39,39,58,3,779,77
36.2,132,33,20,158,39,39,97,6,774,84
36.25,132,33,20,158,39,39,152,7,799,79
36.3,132,33,20,159,40,40,180,8,683,83
36.35,132,33,20,159,40,40,180,8,575,86
36.4,132,33,20,159,40,40,180,8,496,83
36.45,132,33,20,159,40,41,180,10,393,93
36.5,132,33,20,159,40,41,180,10,350,87
36.55,132,33,20,159,40,41,180,13,251,71
36.6,132,33,20,161,40,41,179,11,166,58
36.65,132,33,20,160,40,41,160,11,124,49
36.7,132,33,20,161,40,40,136,11,113,40
36.75,132,33,20,162,40,40,106,10,88,30
36.8,133,33,21,163,40,40,77,9,78,26
36.85,133,33,21,162,39,40,58,8,68,25
36.9,133,33,21,161,40,41,45,6,66,23
36.95,134,33,21,161,40,41,37,5,81,22
37,134,33,21,161,40,40,26,5,84,21
37.05,135,33,21,162,40,40,21,4,98,24
37.1,134,33,20,161,40,41,18,4,123,23
37.15,135,33,21,162,40,41,18,4,131,26
37.2,135,33,21,161,40,42,23,5,150,26
37.25,135,33,21,162,40,42,29,6,166,29
37.3,136,33,21,162,41,43,31,6,210,33
37.35,136,33,21,162,41,43,40,7,209,35
37.4,136,33,21,163,41,43,44,7,269,44
37.45,136,33,20,163,41,43,49,6,277,43
37.5,136,33,21,165,40,43,52,6,359,56
37.55,136,33,21,163,41,43,59,5,387,65
37.6,136,33,21,165,41,43,69,6,480,80
37.65,136,33,21,164,41,44,81,6,520,87
37.7,136,33,21,165,41,44,107,8,511,86
37.75,137,34,21,166,41,44,143,13,533,90
37.8,137,33,21,166,41,44,170,15,422,75
37.85,137,33,21,166,40,43,180,16,389,77
37.9,137,33,21,165,41,44,179,16,254,65
37.95,137,33,21,167,40,43,179,15,214,57
38,137,33,21,165,41,43,178,13,133,45
38.05,137,33,21,168,40,43,162,12,105,39
38.1,137,34,21,168,40,43,126,10,83,31
38.15,137,34,21,169,40,42,82,10,79,28
38.2,137,34,22,169,40,42,49,8,91,30
38.25,136,34,21,170,39,41,41,7,94,29
38.3,136,33,21,171,40,42,31,4,122,33
38.35,135,33,21,170,39,41,24,4,126,34
38.4,136,34,21,171,40,42,22,4,173,37
38.45,136,34,21,171,40,42,23,4,179,38
38.5,136,34,21,172,40,42,24,4,242,41
38.55,136,34,21,171,40,43,33,5,255,47
38.6,136,34,21,172,40,43,41,7,288,47
38.65,137,34,22,172,40,44,51,10,339,48
38.7,137,34,22,172,40,43,66,12,337,48
38.75,137,34,22,172,41,44,74,13,403,50
38.8,138,34,22,172,40,43,89,14,394,52
38.85,137,34,22,173,40,44,112,17,429,58
38.9,137,34,22,172,40,44,131,21,397,62
38.95,137,34,22,173,40,44,144,24,373,58
39,137,34,22,173,40,44,169,30,314,60
39.05,137,34,23,174,40,44,180,32,266,57
39.1,137,34,22,173,41,45,172,28,201,50
39.15,137,34,22,174,40,43,165,29,139,42
39.2,138,34,22,173,41,44,147,25,111,38
39.25,137,34,22,173,40,43,109,23,94,35
39.3,137,34,23,174,40,42,75,18,101,31
39.35,136,34,22,174,40,42,52,12,92,30
39.4,137,34,22,177,39,40,39,9,116,31
39.45,138,34,22,175,39,41,33,8,113,29
39.5,138,34,22,177,39,40,32,8,150,31
39.55,138,34,22,177,39,41,34,8,166,29
39.6,138,34,22,178,39,40,32,7,207,35
39.65,138,34,22,178,39,41,27,6,248,37
39.7,139,34,22,177,39,41,30,6,293,43
39.75,139,34,22,178,39,40,32,6,375,48
39.8,139,34,22,177,39,41,36,7,439,57
39.85,139,34,22,179,39,40,45,8,592,72
39.9,141,34,22,177,39,41,67,10,625,77
39.95,141,34,22,179,39,40,96,10,670,79
40,141,34,23,178,39,41,141,13,650,80
40.05,141,34,23,179,39,41,180,17,560,78
40.1,141,34,23,178,39,42,180,17,474,69
40.15,142,34,23,179,39,41,180,17,383,60
40.2,142,34,23,181,39,40,180,18,296,59
40.25,142,34,23,180,39,41,175,17,225,51
40.3,142,34,23,183,38,40,177,18,177,50
40.35,143,34,23,181,39,41,167,18,133,44
40.4,143,34,22,183,39,41,135,16,106,37
40.45,142,34,23,183,39,41,90,15,103,34
40.5,143,34,23,183,38,40,62,14,110,31
40.55,143,34,23,183,39,40,45,11,117,32
40.6,143,34,23,182,39,40,38,10,127,32
40.65,144,34,23,183,38,40,30,9,163,36
40.7,144,34,23,182,39,40,29,7,175,36
40.75,144,34,23,183,38,39,27,6,229,39
40.8,144,34,23,183,39,40,30,6,254,40
40.85,144,34,22,184,38,39,36,7,315,47
40.9,144,34,23,184,39,40,42,7,364,48
40.95,144,34,23,184,38,40,51,7,429,50
41,144,34,23,185,38,40,60,8,504,54
41.05,144,34,23,185,38,40,85,11,513,54
41.1,144,34,23,186,38,40,117,12,537,64
41.15,144,34,24,185,39,40,149,14,519,69
41.2,144,34,24,185,39,40,180,15,432,62
41.25,144,34,24,184,39,41,180,15,376,66
41.3,145,34,24,185,39,41,179,15,302,66
41.35,145,34,23,186,39,41,179,13,256,55
41.4,145,34,24,186,39,40,165,11,207,51
41.45,145,34,23,186,39,41,160,11,163,43
41.5,145,34,23,186,39,41,140,10,127,38
41.55,145,34,23,186,39,42,112,8,100,38
41.6,146,34,23,184,40,43,90,9,96,35
41.65,146,34,23,185,40,43,65,7,97,38
41.7,146,33,23,183,40,44,46,6,123,35
41.75,146,33,23,184,40,44,32,5,130,37
41.8,146,33,23,184,41,45,29,4,173,40
41.85,146,33,23,185,40,44,28,4,188,42
41.9,147,33,23,185,40,44,25,5,254,45
41.95,147,34,23,185,41,45,24,5,321,52
42,147,33,23,186,40,45,29,5,395,58
42.05,147,33,23,185,41,45,38,6,497,64
42.1,148,33,23,186,40,45,47,6,558,67
42.15,147,33,23,185,41,46,72,7,687,83
42.2,148,33,23,186,41,45,103,9,665,83
42.25,148,33,23,185,41,46,152,13,669,92
42.3,148,33,23,186,41,46,180,14,537,88
42.35,148,33,23,186,41,46,180,14,449,75
42.4,148,33,23,184,42,47,180,14,336,74
42.45,148,33,23,185,42,47,180,13,274,63
42.5,148,33,23,184,42,47,179,13,220,56
42.55,149,33,23,186,42,47,165,12,146,50
42.6,148,33,23,184,42,48,153,11,131,42
42.65,149,33,23,185,42,48,121,11,96,37
42.7,149,34,23,184,42,49,85,12,98,32
42.75,150,34,23,185,42,48,59,11,99,31
42.8,150,33,23,186,42,48,40,9,128,35
42.85,151,33,23,186,42,48,33,6,133,35
42.9,151,34,23,187,42,48,28,6,161,38
42.95,151,34,23,186,42,49,24,6,210,43
43,151,33,23,188,42,49,26,6,231,43
43.05,151,34,23,187,42,49,28,5,312,52
43.1,151,34,23,188,42,48,35,5,315,51
43.15,152,34,24,187,42,49,40,5,448,58
43.2,152,34,24,187,42,49,52,5,460,58
43.25,153,34,24,188,42,49,67,5,569,63
43.3,153,34,24,187,42,49,94,5,587,68
43.35,153,34,24,189,42,49,126,5,594,70
43.4,154,34,24,188,42,49,180,9,555,77
43.45,154,34,24,189,42,49,180,9,405,67
43.5,154,34,24,188,43,50,180,9,342,63
43.55,154,34,24,189,42,49,180,10,247,62
43.6,154,34,24,189,42,49,180,10,213,53
43.65,154,34,24,188,42,49,161,8,168,52
43.7,154,34,24,188,43,51,147,9,138,45
43.75,155,34,24,187,43,51,116,8,128,43
43.8,154,34,24,188,43,51,90,7,128,39
43.85,154,34,24,186,43,51,65,7,145,45
43.9,154,34,24,187,43,51,52,7,140,44
43.95,154,34,24,187,43,50,46,5,151,41
44,154,34,24,187,43,50,42,4,161,43
44.05,154,34,24,188,43,50,45,4,193,45
44.1,154,34,24,187,43,51,51,4,203,45
44.15,154,34,24,190,43,50,53,4,241,43
44.2,154,34,24,188,43,51,47,4,287,44
44.25,154,34,24,191,43,50,45,5,341,48
44.3,154,34,24,190,43,51,62,6,397,48
44.35,154,34,24,191,43,51,75,5,400,52
44.4,154,34,24,191,43,51,92,8,447,58
44.45,155,34,24,192,43,51,109,8,413,61
44.5,155,34,24,193,43,51,138,10,404,68
44.55,155,34,24,191,43,51,167,12,333,61
44.6,155,34,24,194,42,49,179,12,248,56
44.65,155,34,24,193,42,50,175,12,195,51
44.7,155,34,24,196,42,50,174,12,129,44
44.75,155,34,24,194,43,52,150,12,101,38
44.8,155,34,24,195,43,52,113,9,94,38
44.85,155,34,25,195,43,52,74,7,84,37
44.9,155,35,25,195,43,52,50,6,86,35
44.95,155,35,25,195,43,52,39,4,90,33
45,155,34,25,193,44,53,25,2,106,34
45.05,155,34,25,195,43,53,20,3,136,35
45.1,156,34,25,193,44,54,18,3,161,38
45.15,156,34,24,196,44,54,15,3,211,41
45.2,156,34,24,194,44,54,17,2,271,44
45.25,156,34,24,196,44,54,17,1,364,46
45.3,156,34,24,195,44,54,20,1,457,51
45.35,156,34,24,196,44,54,24,1,582,60
45.4,157,34,24,196,44,54,43,1,694,68
45.45,157,34,24,195,44,54,63,2,789,82
45.5,158,34,25,196,44,54,106,4,788,84
45.55,158,34,25,194,45,55,173,7,731,83
45.6,158,34,25,195,44,55,180,8,579,83
45.65,158,34,25,195,45,55,179,8,436,68
45.7,158,34,25,196,44,55,180,8,336,67
45.75,158,34,25,195,45,56,180,9,242,55
45.8,158,34,25,196,45,56,177,8,159,39
45.85,158,34,25,197,44,55,153,5,112,35
45.9,158,34,25,195,45,55,119,5,109,36
45.95,159,34,25,197,45,55,86,4,92,35
46,158,34,25,195,45,56,62,2,94,32
46.05,159,34,25,198,45,55,48,2,91,32
46.1,159,34,25,196,45,56,33,2,105,32
46.15,159,34,25,197,45,55,31,2,126,33
46.2,159,34,25,197,45,56,21,2,142,34
46.25,160,34,25,197,45,56,22,3,194,38
46.3,160,34,25,198,45,56,17,3,221,39
46.35,160,34,25,196,45,57,19,4,319,51
46.4,160,34,25,198,45,56,22,4,372,53
46.45,160,35,25,196,45,57,29,4,506,58
46.5,161,35,26,198,45,56,40,4,562,63
46.55,161,35,26,197,45,57,56,6,708,71
46.6,161,35,26,198,45,56,87,8,777,84
46.65,162,35,26,198,45,57,145,9,741,81
46.7,162,35,26,197,45,57,180,10,667,79
46.75,162,35,26,198,45,57,180,9,481,67
46.8,162,35,26,196,45,57,180,9,415,67
46.85,162,35,26,198,45,57,180,9,290,61
46.9,162,35,26,197,46,58,180,9,240,59
46.95,162,35,26,200,45,57,177,9,149,52
47,162,35,26,200,46,59,162,9,111,43
47.05,162,35,26,200,46,59,114,8,88,39
47.1,163,35,26,202,46,59,77,8,80,34
47.15,163,35,26,201,46,60,39,6,96,35
47.2,163,35,26,202,46,60,33,5,88,32
47.25,163,35,26,201,47,61,29,4,111,32
47.3,163,35,25,203,46,60,27,4,122,34
47.35,163,35,25,201,47,61,21,4,160,34
47.4,163,35,25,202,46,60,20,4,196,43
47.45,164,35,26,201,47,60,17,4,257,49
47.5,164,35,26,202,47,61,22,4,317,53
47.55,164,35,26,203,47,61,23,4,385,61
47.6,164,35,26,202,47,61,32,4,497,63
47.65,165,35,26,203,47,61,45,4,559,63
47.7,165,35,26,202,47,61,64,5,685,74
47.75,165,35,26,204,47,61,91,5,713,79
47.8,166,35,26,203,47,62,152,5,711,87
47.85,166,35,26,205,47,61,180,5,516,73
47.9,166,35,26,204,47,62,180,5,426,76
47.95,166,35,26,205,47,62,178,5,287,65
48,166,35,26,205,47,61,180,5,207,57
48.05,166,35,26,205,47,62,171,5,161,54
48.1,166,35,26,208,46,61,148,5,120,49
48.15,167,35,26,207,46,61,101,5,110,45
48.2,167,35,27,210,46,60,76,4,95,39
48.25,167,35,26,209,46,60,53,4,97,37
48.3,168,35,26,210,46,61,38,4,113,37
48.35,168,35,27,210,46,60,23,4,146,37
48.4,168,35,27,210,46,61,17,4,188,42
48.45,168,35,27,210,46,61,14,4,244,42
48.5,168,35,27,211,46,61,14,4,307,47
48.55,168,35,27,211,46,61,17,4,410,53
48.6,169,35,27,211,46,61,22,3,490,55
48.65,169,35,27,212,46,61,30,3,626,68
48.7,169,35,27,211,46,61,51,3,759,70
48.75,170,35,27,212,46,61,76,5,798,77
48.8,171,35,28,211,46,61,142,8,788,84
48.85,171,35,27,212,46,61,180,10,626,88
48.9,171,35,27,212,46,61,180,10,516,83
48.95,171,35,28,212,46,61,179,11,392,77
49,171,35,27,213,46,61,180,11,299,67
49.05,171,35,28,212,46,61,180,12,194,56
49.1,171,35,28,213,47,62,168,10,133,54
49.15,171,35,28,213,47,62,149,11,94,45
49.2,171,35,27,215,47,63,101,9,77,41
49.25,172,35,27,214,47,63,68,8,68,40
49.3,172,35,27,215,47,63,46,8,79,40
49.35,172,35,27,214,47,62,31,3,85,40
49.4,173,35,27,215,47,62,23,2,107,41
49.45,172,35,26,215,47,62,18,2,126,44
49.5,172,35,26,216,47,62,17,2,168,45
49.55,173,35,27,216,47,63,15,2,208,49
49.6,173,35,28,216,47,62,11,2,278,52
49.65,174,36,28,217,47,63,13,3,363,56
49.7,175,36,29,216,47,63,15,4,446,59
49.75,175,36,29,217,47,63,20,4,593,66
49.8,176,36,29,217,47,63,30,6,700,80
49.85,176,36,29,217,47,63,51,9,799,82
49.9,176,36,29,217,47,63,89,12,798,93
49.95,177,36,30,216,47,63,138,15,790,98
50,177,36,30,216,47,64,180,21,623,96
50.05,177,36,30,215,47,63,180,21,507,89
50.1,177,36,30,217,47,64,180,22,365,82
50.15,177,36,30,216,47,63,180,21,267,69
50.2,178,36,30,217,47,64,178,20,190,56
50.25,178,36,30,217,47,63,171,20,132,51
50.3,178,36,30,217,47,64,149,19,108,46
50.35,178,36,30,218,47,63,101,16,103,44
50.4,178,36,30,217,47,62,64,13,101,41
50.45,178,36,30,217,47,63,40,10,122,45
50.5,178,36,30,217,47,63,28,9,141,42
50.55,178,36,30,217,47,64,24,7,180,44
50.6,178,36,30,218,47,64,24,8,210,45
50.65,179,36,30,217,47,64,30,7,250,48
50.7,179,36,30,217,47,64,31,7,284,55
50.75,179,36,30,217,47,63,38,7,357,57
50.8,180,36,30,218,47,64,52,10,386,60
50.85,180,36,30,217,47,64,72,12,402,57
50.9,180,36,30,218,47,64,98,13,430,67
50.95,180,36,30,218,47,64,120,15,398,63
51,180,36,30,219,48,65,147,18,364,65
51.05,181,36,30,219,48,65,175,19,258,59
51.1,181,36,30,219,48,65,177,20,200,55
51.15,181,36,30,219,48,66,177,24,142,51
51.2,181,36,30,218,49,68,160,23,94,45
51.25,181,36,30,219,49,68,130,19,75,36
51.3,181,36,30,220,49,68,79,12,59,34
51.35,182,36,30,221,49,69,43,12,76,34
51.4,182,36,30,220,48,67,28,9,74,35
51.45,182,35,30,221,49,68,25,8,101,36
51.5,182,35,29,220,49,67,17,6,116,34
51.55,181,35,28,221,49,68,14,4,160,37
51.6,181,35,28,221,49,68,13,2,195,37
51.65,182,35,28,222,49,68,16,2,233,41
51.7,182,35,29,222,48,67,20,4,312,43
51.75,182,35,29,222,48,67,21,4,346,46
51.8,182,35,29,223,49,68,26,4,499,83
51.85,183,35,29,222,49,67,38,5,540,83
51.9,183,35,29,223,49,68,55,7,735,104
51.95,183,35,29,223,48,67,90,8,712,105
52,184,35,29,223,49,68,145,12,728,108
52.05,184,35,30,223,49,68,180,16,574,106
52.1,184,35,30,224,49,68,180,16,431,92
52.15,184,35,30,224,49,68,180,16,330,79
52.2,184,35,30,225,49,68,178,17,241,69
52.25,184,35,30,225,49,69,180,18,179,62
52.3,184,35,30,225,48,68,155,20,119,57
52.35,184,35,29,225,49,68,121,18,105,49
52.4,184,35,29,225,48,68,98,14,79,44
52.45,184,35,30,226,49,69,65,13,85,39
52.5,185,35,29,226,49,68,44,12,94,40
52.55,185,35,30,226,49,69,31,10,99,39
52.6,186,35,30,227,49,69,20,9,140,41
52.65,186,35,30,227,49,69,15,8,141,40
52.7,186,34,29,228,49,69,16,6,207,43
52.75,186,35,30,228,49,69,22,6,208,45
52.8,186,35,30,229,49,70,23,5,310,46
52.85,186,35,30,229,49,69,29,6,328,51
52.9,187,35,30,229,49,69,36,6,444,54
52.95,187,35,30,229,49,69,47,6,531,55
53,187,35,30,229,49,69,56,6,585,58
53.05,188,35,30,229,49,70,82,6,712,67
53.1,188,35,30,229,49,69,125,6,618,65
53.15,189,35,30,230,49,71,180,6,652,63
53.2,189,35,30,230,49,70,180,6,405,52
53.25,189,35,30,231,49,71,180,6,376,54
53.3,189,35,30,230,49,71,180,6,245,49
53.35,189,35,30,230,50,72,180,7,199,47
53.4,189,35,30,230,49,71,170,9,132,41
53.45,189,35,30,232,50,72,147,9,94,41
53.5,189,35,31,233,49,71,123,9,76,40
53.55,189,35,31,233,49,71,86,9,65,39
53.6,190,35,31,232,49,71,55,8,78,39
53.65,190,35,31,231,49,71,36,7,73,39
53.7,190,35,31,231,49,71,25,5,110,41
53.75,190,36,32,231,49,71,18,4,113,40
53.8,191,36,32,232,49,71,15,4,169,43
53.85,191,36,32,232,49,72,13,4,191,44
53.9,191,36,32,232,50,72,12,3,259,44
53.95,192,35,32,233,49,71,12,3,352,50
54,191,36,32,233,50,72,12,3,432,54
54.05,191,36,33,233,49,72,13,3,646,65
54.1,192,36,33,233,49,72,20,4,717,73
54.15,192,36,33,233,50,72,34,4,800,84
54.2,193,36,33,233,50,72,58,5,798,87
54.25,193,36,33,233,50,72,88,7,800,93
54.3,194,36,33,234,50,72,155,12,698,87
54.35,194,36,33,233,50,72,180,12,601,89
54.4,194,36,33,234,50,73,180,12,470,79
54.45,194,36,33,233,49,72,180,12,360,68
54.5,194,36,33,235,50,73,180,12,300,65
54.55,194,36,33,235,49,71,180,13,227,60
54.6,194,36,33,235,50,72,176,14,172,53
54.65,194,36,33,235,49,71,176,17,123,47
54.7,194,36,34,235,49,70,128,13,112,42
54.75,194,36,33,235,49,70,92,12,92,40
54.8,195,36,33,235,49,70,66,10,107,42
54.85,195,36,33,236,49,70,44,7,122,43
54.9,195,36,33,236,49,70,37,5,122,43
54.95,195,36,33,236,49,71,33,5,156,44
55,195,36,34,236,49,70,36,5,169,44
55.05,195,37,34,236,49,70,37,6,216,45
55.1,195,36,34,236,49,70,36,5,249,46
55.15,195,37,35,236,49,71,41,7,308,48
55.2,195,36,34,237,49,71,41,6,382,52
55.25,196,36,34,236,49,71,46,7,463,54
55.3,195,37,35,236,49,71,61,10,543,60
55.35,196,37,34,236,49,71,79,10,589,66
55.4,196,37,35,237,49,71,113,10,653,67
55.45,196,37,35,238,49,71,160,10,589,68
55.5,196,37,36,239,50,72,180,10,509,64
55.55,196,37,36,239,49,71,180,9,395,60
55.6,197,37,36,239,49,71,180,9,338,58
55.65,197,37,36,239,49,71,180,9,278,60
55.7,197,37,36,240,50,72,174,7,224,57
55.75,197,37,36,239,49,72,180,8,187,53
55.8,197,37,36,239,50,72,172,8,138,48
55.85,197,37,36,239,50,73,142,8,114,44
55.9,197,37,36,240,50,74,109,7,95,39
55.95,197,37,37,240,50,74,88,7,86,35
56,197,38,37,240,50,73,57,6,87,36
56.05,197,38,37,240,50,75,45,4,100,36
56.1,197,38,37,240,50,74,29,3,129,38
56.15,197,38,38,239,50,74,20,3,146,37
56.2,197,38,38,240,50,74,16,4,217,43
56.25,197,39,39,239,50,73,15,5,248,44
56.3,198,38,39,240,50,74,13,5,367,54
56.35,198,39,39,240,50,74,15,5,444,63
56.4,198,38,38,241,50,75,20,5,592,78
56.45,198,39,40,241,50,74,24,6,780,96
56.5,198,39,41,241,50,75,42,6,799,102
56.55,199,39,41,241,50,74,73,7,794,105
56.6,199,40,41,242,50,74,120,13,750,104
56.65,200,40,42,242,50,75,180,15,689,110
56.7,200,40,42,242,50,74,180,15,458,86
56.75,200,40,42,242,50,74,180,15,358,85
56.8,200,40,42,241,50,74,180,13,231,77
56.85,200,40,42,241,50,74,175,14,168,66
56.9,200,40,42,242,50,74,165,12,98,53
56.95,200,40,41,242,50,73,135,13,73,44
57,200,39,41,242,50,73,96,13,77,41
57.05,200,39,41,241,50,72,45,9,68,39
57.1,200,39,41,243,49,73,32,8,80,36
57.15,200,40,42,243,49,72,22,6,88,37
57.2,200,40,43,244,49,73,17,5,117,36
57.25,200,41,43,244,50,73,11,4,145,37
57.3,200,41,43,245,50,73,11,3,177,38
57.35,199,40,42,246,50,73,10,2,248,39
57.4,199,40,42,246,50,73,11,2,291,42
57.45,199,40,42,246,50,74,17,2,435,52
57.5,200,40,42,246,50,73,24,2,466,57
57.55,200,40,43,247,50,73,42,2,622,59
57.6,200,40,43,246,50,73,61,2,642,63
57.65,201,40,43,247,50,73,106,4,667,67
57.7,201,40,43,247,50,73,164,6,582,63
57.75,201,40,43,247,50,73,180,6,442,58
57.8,201,40,43,246,50,73,180,5,362,54
57.85,201,40,43,245,50,72,179,5,253,46
57.9,201,40,43,246,50,73,177,7,191,41
57.95,202,40,43,246,50,72,161,7,123,41
58,202,40,43,248,50,73,138,7,111,38
58.05,202,40,43,248,50,73,91,6,93,36
58.1,202,40,43,250,50,74,62,5,98,38
58.15,202,41,43,249,50,73,40,3,108,36
58.2,203,41,44,250,50,74,31,3,123,36
58.25,203,41,44,250,50,74,27,3,150,36
58.3,204,41,44,250,50,74,22,3,182,36
58.35,204,41,44,250,50,74,19,3,236,43
58.4,204,41,44,250,50,74,17,3,303,44
58.45,204,41,44,251,50,75,20,4,406,48
58.5,204,41,44,251,50,74,29,4,462,51
58.55,204,41,44,252,50,75,41,5,561,56
58.6,205,41,44,251,50,74,64,5,629,61
58.65,205,41,44,252,50,75,100,7,626,66
58.7,205,41,45,250,50,74,160,11,582,75
58.75,206,41,45,250,50,74,180,14,431,66
58.8,206,41,45,251,50,75,180,15,337,64
58.85,206,41,45,250,50,74,180,15,229,53
58.9,206,41,45,252,50,75,179,16,167,51
58.95,206,41,45,252,50,75,158,12,120,44
59,206,41,45,255,50,76,123,10,110,43
59.05,206,41,45,253,50,75,93,10,104,41
59.1,206,41,45,254,50,75,60,11,96,37
59.15,207,41,45,252,50,75,39,9,111,37
59.2,207,41,46,252,50,74,32,8,126,37
59.25,208,41,46,251,50,74,23,6,148,42
59.3,208,42,46,252,50,75,20,7,181,46
59.35,208,42,46,252,50,75,18,5,238,56
59.4,208,42,47,251,50,75,18,5,290,60
59.45,209,42,47,252,50,75,18,4,391,67
59.5,209,42,47,252,50,75,23,5,477,71
59.55,210,42,48,253,50,75,34,6,610,79
59.6,211,42,48,252,50,75,62,10,680,88
59.65,211,42,48,253,50,75,102,12,689,99
59.7,211,43,48,253,50,75,168,15,627,98
59.75,211,43,48,254,51,76,180,15,487,85
59.8,211,43,48,254,51,76,180,18,368,74
59.85,212,43,48,254,51,76,179,17,227,69
59.9,212,43,48,255,50,76,175,17,161,65
59.95,212,43,48,255,50,75,155,17,106,51
60,212,43,49,255,50,75,130,16,81,46
60.05,212,43,49,257,50,75,85,15,69,41
60.1,212,43,49,257,50,76,56,12,74,40
60.15,213,43,49,258,50,76,25,7,87,41
60.2,213,43,50,257,50,75,16,5,107,43
60.25,214,44,51,258,50,76,15,3,125,42
60.3,214,44,50,258,50,76,10,3,161,44
60.35,214,44,50,258,50,76,10,3,208,47
60.4,214,44,51,259,50,76,9,2,267,48
60.45,214,44,51,259,51,76,10,2,354,54
60.5,214,44,51,259,50,76,14,2,452,60
60.55,215,44,51,259,51,76,23,2,589,68
60.6,215,44,51,260,51,77,41,2,719,74
60.65,215,44,52,259,51,76,70,2,795,80
60.7,216,44,52,260,51,76,120,3,794,81
60.75,216,44,52,259,50,76,180,6,680,82
60.8,216,44,52,259,50,76,180,6,505,75
60.85,216,44,52,260,50,76,180,7,353,72
60.9,216,44,52,259,50,76,180,8,257,61
60.95,216,44,52,260,50,76,178,9,163,52
61,217,44,52,261,51,77,162,10,113,45
61.05,217,44,52,262,51,77,124,10,90,39
61.1,217,44,52,262,51,77,83,7,88,39
61.15,217,44,52,262,51,77,43,7,103,39
61.2,218,44,53,262,51,77,31,8,97,42
61.25,218,44,53,262,51,77,27,7,114,43
61.3,218,45,53,263,51,77,21,5,152,43
61.35,218,44,54,263,51,78,16,4,180,44
61.4,218,44,54,264,51,78,12,3,256,49
61.45,218,45,54,263,51,78,15,4,297,49
61.5,219,45,54,265,51,78,18,4,411,60
61.55,219,45,54,264,51,78,25,4,484,68
61.6,219,45,54,264,51,78,36,6,625,75
61.65,220,45,55,264,51,78,55,6,728,83
61.7,220,45,55,264,51,78,96,7,756,85
61.75,220,45,55,264,51,77,156,9,765,103
61.8,220,45,55,264,51,78,180,10,582,104
61.85,220,45,55,266,51,78,180,10,519,92
61.9,221,45,55,265,51,78,180,11,369,89
61.95,221,45,55,267,51,78,178,10,300,79
62,221,45,55,266,51,78,176,10,202,76
62.05,221,45,55,268,51,79,170,11,143,62
62.1,221,45,55,268,51,78,154,10,117,54
62.15,221,45,55,269,51,79,112,10,89,50
62.2,221,45,55,270,51,79,77,8,92,47
62.25,222,45,55,270,51,80,49,6,97,47
62.3,223,45,55,271,51,80,31,6,130,48
62.35,223,45,56,270,51,80,24,6,141,49
62.4,223,45,55,271,51,80,19,6,197,53
62.45,223,45,56,271,51,80,22,7,216,54
62.5,223,45,56,271,52,80,20,6,275,60
62.55,224,45,56,272,51,80,24,6,352,63
62.6,224,45,56,272,52,81,32,6,412,72
62.65,225,45,57,272,51,80,40,8,545,79
62.7,225,45,57,271,51,80,54,9,568,80
62.75,226,45,57,272,51,80,85,11,704,84
62.8,226,45,57,271,52,80,130,13,588,79
62.85,227,45,57,272,52,81,180,14,527,79
62.9,227,45,57,272,52,81,180,13,369,69
62.95,227,45,57,273,52,81,180,13,271,63
63,227,45,57,272,51,80,179,12,193,56
63.05,227,45,57,271,52,81,176,13,116,45
63.1,227,45,57,272,52,81,147,14,121,46
63.15,228,45,58,271,52,81,102,11,81,41
63.2,228,45,57,272,52,82,69,9,93,43
63.25,227,45,57,272,52,81,38,6,84,42
63.3,228,45,57,273,52,82,24,6,112,43
63.35,228,45,58,272,52,81,16,2,138,48
63.4,228,46,58,273,52,82,10,2,175,47
63.45,228,46,59,273,52,82,8,2,252,51
63.5,229,46,59,273,52,82,9,2,295,53
63.55,230,46,60,274,52,82,9,2,466,59
63.6,230,46,60,273,52,82,11,2,514,60
63.65,230,46,60,275,52,83,16,3,765,72
63.7,230,46,60,274,52,82,25,4,798,77
63.75,230,46,60,275,52,83,39,6,800,78
63.8,231,46,60,274,52,82,73,8,765,83
63.85,231,46,60,275,52,83,116,14,760,92
63.9,231,46,60,275,52,83,180,16,656,83
63.95,231,46,60,276,52,83,180,16,417,75
64,231,46,60,276,52,83,179,16,307,68
64.05,231,46,60,276,52,83,180,17,171,61
64.1,231,46,60,277,52,83,173,15,121,55
64.15,231,46,60,275,52,82,137,13,99,54
64.2,231,47,61,275,52,83,87,13,84,44
64.25,231,47,61,275,52,83,54,11,96,44
64.3,231,47,61,275,53,84,27,10,105,46
64.35,232,47,62,276,52,83,13,5,144,45
64.4,231,47,61,276,53,84,11,5,173,47
64.45,230,47,61,277,53,84,10,5,238,52
64.5,229,47,61,276,53,84,9,4,293,59
64.55,231,47,62,277,53,84,9,3,411,64
64.6,231,47,62,276,53,84,11,3,518,72
64.65,232,47,62,277,53,84,11,2,711,77
64.7,232,48,63,277,53,84,16,3,800,82
64.75,233,48,62,277,53,84,25,3,800,85
64.8,233,48,63,277,53,84,39,3,796,85
64.85,234,48,63,277,53,84,70,4,799,90
64.9,235,48,63,277,53,84,131,8,789,94
64.95,235,48,63,276,53,83,180,13,556,89
65,235,48,63,277,53,84,180,13,434,72
65.05,235,48,63,276,53,83,179,12,311,72
65.1,235,48,63,277,53,84,178,13,230,65
65.15,236,48,64,277,52,83,180,13,156,57
65.2,236,48,64,275,53,83,153,10,105,51
65.25,236,48,64,277,53,83,117,10,95,47
65.3,237,48,64,275,52,83,65,8,89,46
65.35,237,48,64,278,52,83,39,7,105,46
65.4,236,48,64,276,52,83,28,5,120,48
65.45,236,48,64,277,53,84,23,4,150,48
65.5,236,48,64,277,53,83,18,3,188,49
65.55,236,48,64,277,53,84,14,2,238,51
65.6,237,48,64,278,53,83,16,2,326,53
65.65,238,48,65,277,53,84,19,5,384,55
65.7,239,48,65,279,53,84,19,5,539,67
65.75,239,48,65,278,53,84,24,5,628,74
65.8,240,48,65,280,53,84,49,9,795,92
65.85,240,48,65,278,53,84,86,13,779,90
65.9,241,48,66,279,53,85,142,21,789,98
65.95,241,49,66,280,53,84,180,27,604,92
66,241,49,66,280,53,85,180,27,414,85
66.05,241,49,66,281,53,84,180,27,293,75
66.1,241,49,66,280,53,85,175,27,201,69
66.15,241,49,66,281,53,85,179,26,137,59
66.2,241,49,66,280,53,85,146,23,89,50
66.25,242,49,66,281,53,85,102,19,81,43
66.3,241,48,66,280,52,84,66,14,69,43
66.35,241,48,66,282,53,85,36,9,76,42
66.4,242,48,66,281,52,83,28,8,85,42
66.45,242,48,66,282,53,85,17,7,102,43
66.5,242,48,65,282,52,84,10,4,149,44
66.55,242,48,65,282,53,84,6,3,180,46
66.6,241,48,64,283,53,84,4,2,263,50
66.65,242,48,64,282,53,84,8,2,312,53
66.7,242,48,64,283,53,85,11,2,431,60
66.75,242,48,64,282,53,84,14,2,558,67
66.8,242,48,64,284,53,85,18,2,716,77
66.85,242,48,64,284,53,85,34,3,800,80
66.9,243,48,64,283,53,85,55,3,800,78
66.95,243,48,64,283,53,85,99,4,794,91
67,244,48,64,283,53,85,156,6,677,91
67.05,244,48,64,284,53,85,180,6,597,105
67.1,244,48,64,283,53,85,180,6,455,102
67.15,244,48,64,284,53,85,180,6,385,88
67.2,244,48,64,284,53,85,180,6,266,81
67.25,244,48,64,285,53,86,178,7,199,71
67.3,244,48,64,285,53,85,169,7,133,57
67.35,244,48,64,285,53,86,142,8,92,49
67.4,244,48,64,287,53,86,104,7,87,47
67.45,245,48,65,286,53,86,65,6,91,45
67.5,245,48,65,288,53,87,36,5,102,46
67.55,245,48,64,287,53,85,25,4,127,46
67.6,244,48,64,288,53,87,19,4,168,50
67.65,244,48,64,287,53,86,12,3,221,54
67.7,245,48,64,288,53,87,11,3,285,57
67.75,245,48,65,288,53,87,12,3,373,61
67.8,245,48,64,288,53,87,16,2,491,65
67.85,245,48,64,289,54,87,21,2,623,73
67.9,246,48,64,288,53,87,36,2,758,82
67.95,246,49,65,289,54,88,72,2,796,87
68,247,49,65,288,53,86,131,5,769,90
68.05,247,49,65,290,53,87,180,7,716,96
68.1,247,49,65,289,53,86,180,7,665,92
68.15,247,49,65,290,54,88,177,6,642,84
68.2,248,49,65,290,54,87,179,7,586,83
68.25,248,49,66,290,54,88,180,7,563,80
68.3,248,49,66,291,54,88,180,8,464,78
68.35,248,49,66,290,54,88,176,7,338,85
68.4,248,49,66,292,54,89,179,8,237,82
68.45,248,49,66,290,54,88,177,8,135,63
68.5,249,49,66,291,54,88,155,9,92,53
68.55,249,49,66,292,54,87,114,9,79,50
68.6,250,49,67,294,54,90,58,7,78,49
68.65,250,49,67,292,54,88,38,6,81,49
68.7,250,49,67,292,53,88,28,6,86,49
68.75,250,49,67,292,53,87,26,5,97,49
68.8,250,49,67,291,53,87,24,4,122,49
68.85,251,49,67,293,53,88,21,4,148,49
68.9,251,49,68,291,53,87,13,3,193,51
68.95,252,49,68,293,53,88,10,3,264,54
69,252,49,68,292,53,86,7,1,356,55
69.05,252,49,69,293,53,87,7,1,481,62
69.1,253,49,69,292,53,86,9,1,656,68
69.15,253,49,69,293,53,87,14,1,800,78
69.2,253,49,69,293,53,87,20,1,800,79
69.25,254,49,69,292,53,87,38,3,800,79
69.3,255,50,69,293,53,87,63,5,798,84
69.35,255,50,69,292,53,87,110,6,780,90
69.4,256,50,70,293,53,87,176,9,718,93
69.45,256,50,70,293,54,87,180,9,575,85
69.5,256,50,70,293,54,88,180,9,456,81
69.55,256,50,70,292,53,87,180,10,333,73
69.6,256,50,70,292,53,86,180,11,221,66
69.65,256,50,70,293,54,87,179,12,153,61
69.7,256,50,70,294,54,88,151,11,133,55
69.75,256,50,70,294,54,88,130,8,94,53
69.8,256,50,70,294,54,88,88,7,84,50
69.85,256,50,70,295,54,89,63,6,74,47
69.9,257,50,70,295,54,88,41,6,78,46
69.95,257,50,71,295,54,89,29,5,101,46
70,258,50,72,294,54,88,11,5,126,46
70.05,257,50,72,295,54,88,5,4,179,47
70.1,257,50,71,295,54,89,7,3,226,49
70.15,257,50,71,295,54,88,6,3,322,50
70.2,259,50,71,296,54,89,5,1,424,53
70.25,260,50,72,296,54,88,4,1,570,59
70.3,260,50,72,296,54,89,7,1,768,66
70.35,261,50,72,296,54,89,9,1,800,67
70.4,261,50,73,296,54,89,17,3,800,66
70.45,261,50,73,296,54,89,32,5,800,65
70.5,262,50,73,296,54,89,52,5,799,66
70.55,262,50,73,296,54,90,98,9,773,68
70.6,263,50,73,297,54,89,154,16,734,66
70.65,263,50,73,297,54,89,180,19,625,69
70.7,263,50,73,296,54,89,180,19,438,66
70.75,263,50,73,296,54,89,180,19,307,59
70.8,263,50,73,296,54,89,180,19,202,54
70.85,263,50,73,296,54,89,175,20,152,48
70.9,263,50,73,296,54,89,160,23,102,45
70.95,263,50,74,297,53,88,116,23,81,43
71,264,50,74,298,54,89,74,20,72,41
71.05,263,50,74,298,54,88,37,15,78,42
71.1,264,50,74,298,54,88,24,9,90,41
71.15,263,50,74,299,54,88,14,7,103,44
71.2,264,50,74,299,54,88,11,6,146,45
71.25,264,50,73,299,54,89,8,3,177,47
71.3,265,51,74,300,53,88,7,4,260,55
71.35,265,51,74,300,54,89,6,4,317,56
71.4,266,51,74,300,53,88,7,3,463,63
71.45,266,51,74,301,54,89,8,3,585,70
71.5,266,51,74,301,54,89,11,4,785,85
71.55,266,51,74,301,54,89,18,4,800,87
71.6,267,51,74,301,54,89,31,5,800,90
71.65,267,51,75,301,54,89,43,8,800,88
71.7,267,51,75,302,54,89,67,13,799,92
71.75,268,51,75,301,54,89,107,17,799,92
71.8,268,51,75,303,54,90,168,25,726,94
71.85,268,51,75,303,54,89,180,25,657,96
71.9,268,51,75,303,54,90,180,25,499,84
71.95,268,51,75,303,54,90,179,25,360,74
72,268,51,75,303,54,90,180,23,264,64
72.05,268,51,75,303,54,89,178,22,186,61
72.1,268,51,75,303,54,89,166,21,132,55
72.15,268,51,75,303,54,89,143,19,105,55
72.2,269,51,75,301,53,88,106,15,97,53
72.25,269,51,75,302,54,89,78,14,83,45
72.3,269,51,75,302,54,89,45,11,89,47
72.35,269,51,75,303,54,89,30,9,98,46
72.4,269,51,75,303,54,88,29,9,114,45
72.45,269,51,76,304,53,88,26,6,133,47
72.5,269,51,75,304,54,89,21,6,173,46
72.55,270,51,75,304,53,88,22,6,211,49
72.6,270,51,76,304,54,89,27,6,257,50
72.65,270,51,75,304,53,88,26,5,324,52
72.7,270,51,75,304,54,89,33,5,376,53
72.75,270,51,76,304,53,88,40,5,469,54
72.8,271,51,76,305,54,89,57,5,536,62
72.85,271,51,76,304,53,88,74,5,614,64
72.9,271,51,76,304,54,88,127,5,591,65
72.95,271,51,76,305,54,89,169,8,506,70
73,271,51,76,306,54,89,180,9,400,65
73.05,271,51,76,305,54,89,180,9,283,61
73.1,272,51,76,306,54,89,173,9,235,61
73.15,272,51,76,308,54,90,165,9,178,58
73.2,272,51,76,308,54,91,154,9,115,51
73.25,272,51,77,311,54,92,127,9,101,53
73.3,272,51,76,309,54,91,96,7,81,48
73.35,272,51,77,311,55,92,63,6,86,49
73.4,273,51,77,310,54,92,34,6,100,48
73.45,272,51,77,311,54,92,18,6,118,47
73.5,273,51,77,310,54,92,20,5,146,48
73.55,273,52,77,311,54,92,20,5,173,49
73.6,274,52,77,311,55,92,22,5,226,55
73.65,274,52,77,311,54,92,26,4,259,55
73.7,274,52,78,312,55,93,33,4,306,59
73.75,274,52,78,311,54,92,39,5,357,61
73.8,274,52,78,313,55,93,53,6,409,66
73.85,275,52,78,311,55,92,71,7,461,68
73.9,275,52,78,313,55,93,99,8,446,77
73.95,275,52,78,312,55,93,125,11,443,78
74,276,52,78,312,55,93,168,16,330,72
74.05,276,52,78,313,55,94,180,17,254,70
74.1,276,52,78,313,55,93,176,16,176,65
74.15,276,52,79,315,55,94,152,17,130,56
74.2,276,52,79,314,55,93,121,19,96,52
74.25,276,52,79,314,55,94,84,16,84,52
74.3,276,52,79,313,55,93,66,14,85,50
74.35,276,52,78,314,55,94,43,10,87,50
74.4,276,52,79,314,55,93,34,8,107,52
74.45,277,52,79,314,55,94,25,8,120,52
74.5,278,52,80,314,55,94,20,8,155,55
74.55,278,52,80,314,55,93,15,7,191,57
74.6,278,52,79,314,55,94,15,7,248,60
74.65,279,52,80,314,55,93,20,8,302,61
74.7,279,52,80,315,55,94,25,8,367,64
74.75,280,53,80,315,55,93,34,8,452,68
74.8,280,52,80,315,55,94,46,8,543,74
74.85,281,53,80,316,55,94,67,10,642,78
74.9,281,53,81,316,55,94,102,11,631,84
74.95,281,53,81,317,55,95,153,15,567,82
75,281,53,81,317,55,94,180,16,410,84
75.05,282,53,81,318,55,95,180,16,307,83
75.1,282,53,81,317,55,94,179,17,217,75
75.15,282,53,81,318,55,95,179,17,166,68
75.2,282,53,81,318,55,95,159,15,116,58
75.25,282,53,81,319,55,96,122,15,92,53
75.3,283,53,81,319,55,95,87,13,86,48
75.35,283,53,81,318,55,95,54,11,82,48
75.4,283,53,81,319,55,95,29,7,102,49
75.45,283,53,81,319,55,95,22,7,125,51
75.5,282,53,82,321,55,96,13,6,168,52
75.55,282,53,81,320,55,95,8,6,226,54
75.6,286,52,81,321,55,96,2,1,313,57
75.65,286,52,81,320,55,95,2,1,420,63
75.7,286,52,81,321,55,96,2,1,566,66
75.75,286,52,81,321,55,95,2,1,776,73
75.8,286,52,81,321,55,95,2,1,800,76
75.85,287,52,81,321,55,95,4,1,800,76
75.9,288,52,81,321,55,95,8,1,800,76
75.95,288,52,81,321,55,96,13,1,800,76
76,289,52,82,321,55,95,28,1,799,78
76.05,289,52,82,321,55,95,46,1,800,74
76.1,289,52,82,321,55,95,73,3,799,81
76.15,290,53,82,321,55,95,113,3,777,85
76.2,290,53,83,321,55,95,180,8,726,94
76.25,290,53,83,321,55,95,180,8,563,85
76.3,290,53,83,322,55,96,180,7,460,79
76.35,290,53,83,323,55,95,180,7,351,78
76.4,290,53,83,325,56,97,180,9,265,77
76.45,290,53,83,324,55,96,178,11,187,66
76.5,290,53,83,325,55,96,152,11,142,58
76.55,291,53,83,325,55,96,124,10,131,58
76.6,291,53,83,325,55,96,90,6,112,53
76.65,290,53,83,326,55,96,71,4,114,53
76.7,290,52,83,325,55,96,45,3,127,52
76.75,290,53,83,327,55,97,36,2,150,52
76.8,290,53,83,325,55,96,25,2,188,52
76.85,291,53,83,327,55,97,23,2,237,53
76.9,290,53,83,326,55,96,23,1,292,58
76.95,290,53,83,327,55,97,28,1,356,65
77,291,53,83,328,55,97,36,1,418,66
77.05,291,53,83,328,55,97,41,1,539,77
77.1,291,53,83,329,55,97,62,2,609,83
77.15,292,53,83,328,55,97,88,3,687,101
77.2,292,53,84,329,56,98,130,5,670,92
77.25,293,53,84,329,55,97,180,6,567,105
77.3,293,53,84,329,56,98,180,6,416,83
77.35,293,53,84,329,55,97,179,6,330,82
77.4,293,53,84,329,55,97,180,7,240,78
77.45,293,53,84,329,55,97,177,8,179,69
77.5,293,53,84,328,55,97,177,7,139,66
77.55,293,53,84,329,55,97,139,7,111,56
77.6,293,53,84,328,55,96,101,5,95,51
77.65,293,53,84,329,55,98,61,3,95,48
77.7,293,53,83,329,55,97,43,1,108,51
77.75,294,53,83,330,56,98,28,1,127,50
77.8,294,53,84,330,56,98,25,1,148,52
77.85,295,53,84,331,56,98,24,1,185,55
77.9,295,53,84,331,56,98,24,1,223,57
77.95,294,53,84,331,56,98,22,1,290,64
78,294,53,84,332,56,99,26,1,351,65
78.05,295,53,84,331,56,98,33,1,436,74
78.1,295,53,84,332,56,99,45,1,516,77
78.15,295,53,84,332,56,98,63,2,579,85
78.2,296,53,85,333,56,99,96,4,621,90
78.25,296,53,85,333,56,99,147,6,574,90
78.3,296,53,85,333,56,99,180,7,463,92
78.35,296,53,85,332,56,99,179,6,317,85
78.4,296,53,85,332,56,99,177,6,228,73
78.45,297,53,85,334,56,100,177,7,169,63
78.5,297,53,85,334,56,99,158,9,132,61
78.55,297,53,85,335,56,100,122,7,109,57
78.6,297,53,85,334,56,99,88,8,101,55
78.65,297,53,85,335,56,99,60,7,113,55
78.7,297,53,84,334,55,98,33,6,123,56
78.75,297,53,84,335,56,98,26,7,153,56
78.8,297,53,84,334,55,98,26,7,180,57
78.85,298,53,85,335,55,98,25,8,240,59
78.9,298,53,85,335,56,98,25,7,300,65
78.95,298,53,85,335,55,98,29,9,375,69
79,299,53,85,335,56,99,32,9,490,81
79.05,299,53,85,335,55,98,41,9,551,89
79.1,299,53,86,336,56,99,54,9,723,109
79.15,300,53,86,336,56,98,77,9,783,110
79.2,300,53,86,336,56,99,128,11,798,119
79.25,301,53,86,336,56,99,180,12,689,101
79.3,301,53,86,337,56,99,180,12,605,102
79.35,301,53,86,337,56,100,180,12,562,102
79.4,301,53,86,338,56,99,180,12,458,99
79.45,301,53,87,339,56,100,180,12,432,91
79.5,301,53,87,339,56,100,178,12,331,79
79.55,302,53,87,339,56,100,179,12,293,80
79.6,302,53,87,339,56,100,177,12,228,78
79.65,302,53,87,340,56,100,172,14,169,68
79.7,302,53,87,338,56,99,168,16,135,63
79.75,303,54,87,338,56,99,130,16,116,59
79.8,303,54,87,337,56,99,98,15,108,57
79.85,303,54,87,339,56,100,65,13,109,56
79.9,303,54,88,338,56,99,48,10,122,52
79.95,303,54,88,339,56,99,33,7,153,54
80,304,54,89,340,56,100,26,7,187,57
80.05,304,54,89,340,56,99,22,6,243,61
80.1,304,54,89,340,56,100,19,6,302,69
80.15,304,54,90,340,56,99,24,6,394,79
80.2,305,54,90,341,56,100,28,6,495,87
80.25,305,54,90,340,56,99,39,8,618,100
80.3,305,54,90,341,56,100,57,8,752,111
80.35,306,54,90,341,56,100,82,9,796,117
80.4,306,54,90,342,56,101,145,12,785,109
80.45,307,54,91,342,57,102,180,13,658,109
80.5,307,54,91,341,57,102,180,14,556,99
80.55,307,54,91,342,57,103,180,14,490,99
80.6,307,54,91,342,57,102,179,14,434,95
80.65,307,54,91,343,57,103,179,15,382,91
80.7,307,54,91,341,57,102,180,16,274,82
80.75,308,55,91,343,57,103,180,17,209,73
80.8,308,55,91,341,57,102,170,17,173,68
80.85,308,55,92,343,57,102,150,16,150,65
80.9,308,55,92,343,57,102,107,15,148,67
80.95,308,55,92,343,56,101,86,14,137,65
81,308,55,92,343,56,101,75,13,143,67
81.05,308,55,92,344,56,100,59,11,135,67
81.1,308,55,92,344,56,100,46,11,161,66
81.15,308,55,91,343,56,100,39,11,183,68
81.2,308,55,92,344,56,101,32,10,233,74
81.25,308,55,91,344,56,100,32,11,278,77
81.3,309,55,91,345,56,101,35,13,330,76
81.35,309,55,91,345,56,101,35,13,403,85
81.4,309,55,91,345,56,101,48,13,466,92
81.45,310,55,91,346,56,101,64,13,557,103
81.5,310,55,91,346,56,101,90,12,568,101
81.55,311,55,92,347,57,102,121,12,601,105
81.6,311,55,92,347,57,102,172,15,510,98
81.65,311,55,92,349,57,103,180,15,473,98
81.7,311,55,91,348,57,103,179,14,362,89
81.75,311,55,92,350,57,104,179,14,297,82
81.8,311,55,91,350,57,105,180,14,214,76
81.85,311,55,92,351,57,104,179,13,150,72
81.9,311,55,92,351,57,104,148,11,124,65
81.95,311,55,92,350,56,102,119,11,90,62
82,312,55,92,350,57,103,92,11,77,60
82.05,312,55,92,351,56,102,59,11,78,59
82.1,312,55,92,350,56,102,39,9,96,57
82.15,312,55,92,351,56,103,27,8,115,57
82.2,311,54,91,350,56,102,15,7,160,60
82.25,311,55,91,351,56,102,13,5,194,62
82.3,311,55,91,350,56,102,13,5,252,63
82.35,311,55,92,351,56,103,16,4,314,65
82.4,312,55,92,351,56,102,17,4,386,76
82.45,312,55,92,352,56,103,22,4,513,81
82.5,312,55,92,352,56,102,30,3,606,91
82.55,312,55,92,352,57,103,49,3,759,98
82.6,312,55,93,352,56,103,79,5,796,104
82.65,312,55,93,352,57,103,134,8,783,107
82.7,312,55,93,353,57,103,179,8,657,99
82.75,312,55,93,353,57,104,180,8,506,91
82.8,312,55,94,354,57,104,180,8,397,84
82.85,313,55,94,354,57,104,180,7,284,78
82.9,313,55,94,355,57,105,177,6,236,78
82.95,313,55,94,355,57,104,176,5,172,69
83,313,55,94,355,57,104,163,5,151,67
83.05,313,55,94,355,56,103,126,6,120,59
83.1,313,56,94,354,56,103,91,6,130,59
83.15,313,56,94,356,57,104,64,6,146,62
83.2,313,55,94,354,56,103,44,5,151,61
83.25,314,55,94,356,57,104,31,6,209,62
83.3,314,55,94,355,57,104,27,5,219,63
83.35,314,56,95,356,56,103,33,5,289,66
83.4,315,56,94,356,57,104,36,5,323,67
83.45,315,56,95,357,57,104,43,5,411,72
83.5,315,56,95,357,57,104,53,7,463,77
83.55,315,56,95,357,57,104,68,8,522,81
83.6,316,56,95,358,57,104,103,11,549,79
83.65,316,56,95,357,56,103,142,14,447,83
83.7,316,56,95,358,56,103,180,19,420,82
83.75,316,56,95,357,57,104,180,18,290,75
83.8,317,56,95,357,56,104,180,18,234,70
83.85,317,56,95,357,57,105,173,16,171,66
83.9,317,56,95,358,57,106,160,15,125,63
83.95,317,56,95,360,57,106,137,14,91,52
84,317,56,95,361,57,107,94,11,76,48
84.05,317,56,94,362,57,107,62,9,74,51
84.1,317,56,95,360,57,106,36,7,72,49
84.15,317,56,94,361,57,105,25,7,89,49
84.2,317,55,95,361,57,106,17,6,99,50
84.25,317,56,95,361,57,106,12,6,141,52
84.3,316,55,95,361,57,106,10,5,173,56
84.35,316,55,95,361,57,106,8,4,229,59
84.4,317,55,95,361,56,105,9,3,302,65
84.45,317,55,95,361,57,106,12,4,372,66
84.5,317,55,95,361,56,105,16,4,517,71
84.55,317,55,96,361,57,106,25,5,580,70
84.6,318,55,96,361,56,104,47,6,783,93
84.65,318,55,96,361,56,104,69,8,798,97
84.7,319,56,97,361,56,104,102,8,798,99
84.75,319,56,97,361,56,105,164,9,706,96
84.8,319,56,97,361,57,105,180,9,558,92
84.85,319,56,97,362,56,105,180,9,494,86
84.9,319,56,97,362,57,106,180,9,393,75
84.95,319,56,96,363,57,106,178,10,330,75
85,319,56,96,363,57,106,177,10,229,66
85.05,319,56,96,363,56,105,170,9,165,61
85.1,320,56,96,364,57,107,164,12,111,55
85.15,320,56,96,364,57,106,124,10,98,51
85.2,320,56,96,363,57,106,81,10,105,54
85.25,320,56,95,365,57,107,45,8,118,52
85.3,321,55,95,365,57,107,27,6,141,54
85.35,321,55,94,365,58,108,26,5,156,55
85.4,322,54,93,366,57,107,23,5,209,55
85.45,322,54,93,366,58,107,27,6,237,57
85.5,322,54,92,367,58,108,28,6,307,59
85.55,322,54,92,367,58,108,34,6,353,65
85.6,322,54,92,367,58,109,35,6,461,81
85.65,322,54,92,367,57,108,53,7,523,83
85.7,323,54,92,367,58,108,74,7,597,89
85.75,323,54,92,367,58,108,98,8,686,97
85.8,323,54,92,368,58,108,144,12,645,106
85.85,324,54,92,368,58,108,180,14,565,103
85.9,324,54,92,369,58,108,180,15,451,93
85.95,324,54,92,369,58,108,180,14,370,86
86,324,54,92,369,58,108,180,15,267,75
86.05,324,54,92,370,58,109,179,13,227,73
86.1,324,54,92,369,58,110,169,13,173,68
86.15,324,54,92,368,58,110,144,12,158,67
86.2,324,54,92,369,59,111,116,11,138,65
86.25,324,54,92,370,59,112,96,10,150,61
86.3,324,54,92,371,59,112,70,9,161,61
86.35,323,54,91,371,59,112,62,9,172,61
86.4,323,54,91,371,59,113,50,9,215,61
86.45,324,54,92,372,59,112,42,8,235,62
86.5,324,55,93,372,59,114,34,8,321,68
86.55,324,55,93,372,59,113,32,7,371,76
86.6,325,55,93,373,60,114,42,7,487,79
86.65,325,55,93,372,59,113,53,7,542,83
86.7,325,55,94,374,59,113,69,7,663,98
86.75,326,55,94,373,59,113,99,6,696,109
86.8,326,55,94,375,59,114,150,7,630,102
86.85,326,55,94,374,59,114,180,10,519,96
86.9,326,55,94,375,59,114,180,10,397,97
86.95,326,55,94,375,59,114,180,11,340,88
87,326,55,94,376,59,113,179,12,237,81
87.05,326,55,94,376,59,113,175,11,209,79
87.1,327,55,94,375,58,111,165,12,159,69
87.15,327,55,95,377,59,112,144,12,138,62
87.2,327,55,95,376,58,111,121,11,130,61
87.25,327,55,95,377,59,113,96,12,122,56
87.3,327,55,95,376,58,111,72,11,124,56
87.35,327,55,95,379,59,112,55,11,130,55
87.4,327,55,95,378,58,110,48,11,144,58
87.45,327,55,94,378,58,111,47,8,143,62
87.5,327,55,94,378,59,111,42,8,179,64
87.55,327,55,94,377,58,110,33,7,208,66
87.6,328,55,95,379,59,112,36,8,245,72
87.65,328,55,95,378,59,112,40,8,293,80
87.7,329,55,95,380,59,113,46,8,339,85
87.75,329,55,95,380,59,112,52,9,415,89
87.8,329,55,95,381,59,112,68,11,433,97
87.85,329,55,95,380,59,112,81,13,533,96
87.9,330,55,95,380,59,112,106,15,502,97
87.95,330,55,95,381,59,112,142,21,508,103
88,331,55,96,380,59,112,180,23,407,99
88.05,331,55,96,381,59,113,180,22,353,97
88.1,331,55,96,380,59,112,180,20,281,85
88.15,331,56,96,382,59,113,175,19,231,86
88.2,331,56,96,381,59,112,172,17,198,81
88.25,331,56,96,382,59,114,161,17,155,76
88.3,331,56,96,381,59,112,131,13,145,70
88.35,331,56,96,382,59,112,98,13,129,68
88.4,332,56,96,383,59,114,83,10,127,67
88.45,332,56,96,383,59,113,65,9,142,66
88.5,332,56,96,384,59,114,60,9,154,64
88.55,332,56,96,383,59,113,48,8,191,64
88.6,332,56,95,384,59,114,44,6,220,64
88.65,332,56,96,383,59,113,40,6,287,65
88.7,333,56,96,384,59,114,35,5,305,64
88.75,332,56,96,384,59,113,34,6,413,70
88.8,332,55,96,384,59,114,46,7,451,68
88.85,333,55,96,385,59,114,56,8,574,73
88.9,333,56,96,383,59,113,74,9,694,75
88.95,333,55,96,385,59,114,106,10,732,79
89,334,55,96,384,59,113,158,12,762,85
89.05,334,55,96,388,60,115,180,15,647,83
89.1,334,55,96,386,59,114,180,15,624,84
89.15,334,55,96,388,60,116,180,15,481,79
89.2,334,55,95,389,60,116,180,15,383,75
89.25,333,55,95,390,61,118,180,14,282,72
89.3,334,55,95,390,60,117,180,15,238,63
89.35,334,55,96,389,60,116,169,14,191,63
89.4,334,55,95,390,60,117,150,13,146,63
89.45,334,55,96,389,60,117,129,13,129,57
89.5,334,55,96,390,60,116,102,14,108,54
89.55,335,55,96,390,60,116,86,11,106,57
89.6,334,55,96,391,60,117,63,8,108,56
89.65,335,55,95,390,60,117,40,6,125,56
89.7,334,55,96,391,60,118,30,5,149,57
89.75,334,55,96,391,60,117,28,5,179,58
89.8,334,56,96,391,60,118,29,5,228,59
89.85,335,55,95,392,61,119,40,6,234,58
89.9,335,55,95,391,60,119,45,6,302,61
89.95,335,55,96,393,61,119,47,5,322,60
90,335,55,96,392,60,118,56,7,400,67
90.05,336,55,96,393,61,119,62,7,445,73
90.1,336,55,96,392,60,117,69,7,523,84
90.15,336,55,96,393,60,119,96,10,566,85
90.2,336,55,96,394,61,119,135,10,504,86
90.25,336,55,96,394,61,120,177,13,491,103
90.3,337,55,96,396,61,120,180,13,349,89
90.35,337,55,96,395,60,119,180,14,307,84
90.4,337,56,96,396,60,119,179,15,227,78
90.45,337,55,96,395,61,120,172,16,183,70
90.5,337,56,96,396,61,120,156,17,147,61
90.55,337,56,96,395,61,120,140,16,121,56
90.6,337,55,96,395,61,120,114,16,111,54
90.65,337,55,96,394,60,118,88,15,89,51
90.7,338,55,96,394,60,119,72,14,102,47
90.75,338,56,97,393,59,116,52,11,107,47
90.8,338,56,97,393,60,117,36,9,133,49
90.85,338,56,97,394,60,118,29,10,148,49
90.9,339,56,97,393,59,117,26,10,195,52
90.95,339,56,97,394,60,118,22,9,236,56
91,339,56,97,394,59,116,25,9,304,58
91.05,340,56,97,395,60,119,29,10,366,59
91.1,340,56,97,395,60,117,34,10,443,68
91.15,340,56,97,395,60,119,48,10,559,76
91.2,341,56,97,396,60,118,66,11,603,84
91.25,341,56,98,395,60,118,95,12,660,92
91.3,341,56,97,396,60,119,138,13,639,86
91.35,342,56,98,395,60,117,180,14,576,97
91.4,342,56,98,396,60,119,180,14,520,98
91.45,342,56,98,396,60,118,180,14,419,90
91.5,342,56,98,396,60,118,180,14,342,82
91.55,342,56,98,397,60,118,179,14,268,80
91.6,342,56,98,397,60,119,180,15,224,75
91.65,342,56,98,399,60,119,172,16,174,68
91.7,342,56,98,397,60,118,156,18,139,63
91.75,342,56,98,397,60,119,129,15,102,60
91.8,343,56,99,397,59,117,102,14,104,58
91.85,343,56,99,399,61,120,77,14,92,57
91.9,343,57,99,397,60,118,61,14,98,57
91.95,343,56,99,397,61,120,41,12,119,61
92,344,57,99,398,60,119,25,10,150,61
92.05,344,57,99,397,61,120,25,9,183,61
92.1,345,57,100,399,61,120,22,8,230,63
92.15,345,57,100,398,60,119,21,7,304,70
92.2,345,57,101,399,61,121,24,7,356,74
92.25,345,57,100,399,60,119,29,6,452,78
92.3,345,57,101,399,61,121,35,7,561,88
92.35,345,57,101,399,60,119,46,8,703,97
92.4,346,58,102,400,61,121,73,8,796,121
92.45,347,58,102,400,60,120,116,13,800,113
92.5,348,58,102,400,61,121,177,16,755,118
92.55,348,58,102,402,61,121,180,17,558,105
92.6,348,58,102,401,61,121,180,17,455,108
92.65,348,58,102,401,61,121,179,17,361,97
92.7,348,58,102,402,60,120,176,18,277,83
92.75,348,58,102,402,61,121,177,18,244,77
92.8,348,58,102,402,60,119,175,17,190,72
92.85,348,58,102,401,61,121,149,15,153,67
92.9,348,58,102,401,60,118,125,16,139,62
92.95,348,58,102,401,60,120,106,15,122,59
93,348,58,103,401,60,120,86,15,102,55
93.05,348,58,103,401,60,120,60,11,108,55
93.1,348,58,103,403,61,122,49,9,114,54
93.15,349,58,103,402,60,120,39,8,126,52
93.2,349,58,104,404,61,121,37,8,156,53
93.25,349,58,104,403,60,119,33,8,180,56
93.3,350,58,104,404,61,121,32,7,220,58
93.35,350,59,105,403,60,119,31,7,266,65
93.4,350,58,104,404,61,121,38,7,330,66
93.45,350,59,105,404,60,120,41,7,385,71
93.5,351,59,105,404,60,120,55,8,460,82
93.55,351,59,105,405,60,121,67,8,525,85
93.6,352,59,105,404,60,119,96,11,551,93
93.65,352,59,105,405,60,121,132,12,525,91
93.7,352,59,106,405,60,120,180,15,407,86
93.75,352,59,106,406,61,122,180,15,308,82
93.8,352,59,106,405,60,120,177,15,236,80
93.85,353,59,106,406,60,121,177,18,177,76
93.9,353,59,106,406,60,120,153,17,143,69
93.95,352,59,106,406,60,120,121,17,126,63
94,352,59,106,407,61,122,84,15,134,61
94.05,352,59,106,407,60,120,57,10,138,61
94.1,353,59,106,408,61,123,52,8,163,68
94.15,353,58,106,408,60,121,40,8,176,68
94.2,354,59,106,409,61,122,37,8,203,74
94.25,354,59,106,409,60,121,39,8,248,78
94.3,354,59,106,408,60,121,41,8,288,81
94.35,355,59,106,409,60,121,52,8,338,87
94.4,355,59,107,408,60,120,60,8,368,86
94.45,356,59,107,409,60,122,74,8,401,93
94.5,356,59,107,409,60,120,103,9,377,91
94.55,357,59,107,410,61,123,123,10,349,91
94.6,357,60,108,410,60,121,150,11,282,89
94.65,357,59,107,411,61,124,174,14,250,85
94.7,357,59,107,411,61,123,180,16,175,83
94.75,357,59,108,412,61,124,161,18,135,74
94.8,357,60,108,412,61,124,125,15,120,66
94.85,357,60,108,412,61,123,95,15,115,62
94.9,356,59,107,413,61,125,68,12,128,62
94.95,356,59,107,412,61,123,51,10,140,63
95,356,59,107,412,61,124,38,9,154,66
95.05,356,59,107,412,60,122,33,8,179,69
95.1,356,59,107,412,61,123,32,8,212,68
95.15,357,59,108,412,61,123,35,7,251,69
95.2,357,59,108,413,60,123,37,7,292,70
95.25,356,59,108,413,61,123,39,7,361,77
95.3,356,59,108,413,60,122,50,8,426,78
95.35,357,59,108,413,61,124,59,9,511,81
95.4,356,59,107,414,61,123,75,10,558,83
95.45,357,59,107,414,61,124,104,10,582,89
95.5,356,59,107,414,61,124,139,13,587,94
95.55,357,59,107,415,61,126,178,14,509,95
95.6,357,59,107,415,61,125,180,14,415,88
95.65,357,59,107,415,61,125,180,14,343,81
95.7,357,59,107,415,61,125,178,14,290,80
95.75,357,59,108,416,61,125,179,16,219,71
95.8,358,59,108,417,61,126,167,15,165,67
95.85,357,59,108,418,61,126,153,15,116,63
95.9,357,59,108,418,62,127,131,13,96,57
95.95,357,59,108,418,61,126,95,12,84,54
96,357,59,108,418,61,126,64,11,82,54
96.05,357,59,108,418,61,125,39,8,90,53
96.1,357,59,108,419,61,126,29,9,98,54
96.15,358,59,109,419,61,126,23,9,120,56
96.2,357,59,108,420,61,126,20,8,139,58
96.25,357,59,108,419,61,125,18,7,185,60
96.3,356,59,108,420,61,126,17,6,237,66
96.35,356,59,108,419,61,125,17,6,321,71
96.4,356,59,108,420,61,126,17,6,418,79
96.45,356,59,108,420,61,126,21,5,533,97
96.5,355,58,108,421,61,126,24,5,695,102
96.55,356,59,108,421,61,127,37,5,800,113
96.6,356,59,108,421,61,126,71,7,799,113
96.65,356,58,108,422,62,127,116,7,788,116
96.7,357,59,108,421,61,126,180,11,708,117
96.75,357,59,108,422,62,127,180,11,605,112
96.8,357,59,108,422,62,127,180,11,478,108
96.85,357,59,108,421,61,125,179,11,404,100
96.9,357,59,108,422,61,125,180,12,300,93
96.95,357,58,108,422,61,125,180,13,206,82
97,357,59,108,422,61,126,176,14,159,74
97.05,357,59,108,421,61,124,153,15,107,62
97.1,357,59,108,423,61,126,116,14,94,57
97.15,357,59,108,422,61,125,78,12,93,52
97.2,357,59,109,423,61,126,49,10,108,50
97.25,357,58,108,424,62,127,32,8,109,49
97.3,357,58,108,424,61,126,26,5,145,51
97.35,357,58,108,424,62,127,25,5,156,52
97.4,357,59,108,424,61,126,21,4,208,52
97.45,358,59,109,425,62,128,16,4,268,53
97.5,357,58,108,425,61,127,15,3,347,57
97.55,357,58,108,426,62,128,21,3,452,62
97.6,358,58,108,426,62,128,25,3,538,66
97.65,358,58,109,427,62,129,42,3,691,73
97.7,359,58,109,426,62,129,61,5,746,81
97.75,359,58,109,427,62,128,94,8,800,91
97.8,360,59,109,426,62,128,160,11,735,96
97.85,360,59,109,427,62,128,180,11,612,94
97.9,360,59,110,428,62,129,180,12,472,92
97.95,360,59,110,429,62,129,180,13,372,91
98,360,59,110,429,62,129,179,13,306,83
98.05,360,59,110,429,62,129,177,13,213,77
98.1,361,59,110,430,63,131,173,12,129,65
98.15,361,59,110,430,63,133,157,13,83,59
98.2,361,59,110,432,63,134,119,13,67,51
98.25,361,59,110,431,63,133,74,10,60,47
98.3,361,59,110,432,63,133,39,9,75,47
98.35,360,59,109,431,63,133,19,7,89,47
98.4,360,59,109,432,63,133,16,6,117,49
98.45,360,59,109,432,63,133,12,5,144,50
98.5,361,59,110,432,63,132,11,5,186,51
98.55,362,59,110,433,63,133,13,5,242,56
98.6,362,59,111,432,63,132,15,5,286,60
98.65,362,60,111,433,63,133,11,3,430,69
98.7,363,60,112,433,63,133,19,3,470,84
98.75,364,60,112,433,63,134,30,3,641,90
98.8,364,60,112,433,63,134,47,3,736,98
98.85,365,60,112,433,63,134,77,3,799,108
98.9,365,60,113,434,63,134,131,4,767,110
98.95,366,60,113,433,63,134,180,5,688,124
99,366,60,113,434,64,135,179,5,555,115
99.05,366,60,113,433,64,135,180,5,406,104
99.1,366,60,113,434,64,135,180,5,338,101
99.15,366,60,113,433,63,134,179,5,272,93
99.2,366,60,113,434,64,135,178,4,196,86
99.25,366,60,113,433,63,134,173,5,149,77
99.3,366,60,113,434,63,134,159,4,117,68
99.35,366,60,113,435,64,136,118,5,80,63
99.4,367,60,113,434,64,135,88,5,78,61
99.45,366,60,113,434,64,135,53,5,77,58
99.5,366,60,113,434,63,134,34,3,95,56
99.55,367,60,113,435,64,136,16,3,116,56
99.6,367,60,113,435,63,135,10,3,154,57
99.65,367,60,113,436,64,136,9,2,208,60
99.7,368,60,113,436,64,136,5,2,275,66
99.75,370,59,112,436,64,136,2,1,381,74
99.8,370,59,112,436,64,136,2,1,502,85
99.85,370,59,112,436,64,136,4,1,681,99
99.9,370,59,112,437,64,136,4,1,800,108
99.95,371,59,112,437,64,136,7,1,800,110
100,371,59,112,437,64,136,13,1,800,112
100.05,372,59,112,437,64,136,21,1,800,114
100.1,372,59,113,437,64,136,36,1,800,117
100.15,372,59,113,437,64,136,53,2,800,116
100.2,373,59,113,437,64,136,88,2,799,120
100.25,373,59,113,437,64,137,144,2,752,116
100.3,373,59,113,437,64,136,180,2,654,102
100.35,373,59,113,438,64,138,180,2,554,94
100.4,373,59,113,438,64,137,180,2,443,87
100.45,373,59,113,439,65,138,180,2,382,82
100.5,373,59,113,439,64,138,180,3,277,73
100.55,373,59,113,439,64,138,174,3,221,69
100.6,374,59,113,440,65,139,164,3,174,69
100.65,374,59,114,440,65,139,153,5,138,63
100.7,374,59,114,441,65,140,134,5,121,60
100.75,374,60,114,441,65,138,110,6,77,59
100.8,374,60,114,441,65,139,81,5,66,51
100.85,375,60,114,441,64,137,55,4,59,51
100.9,375,60,114,441,65,138,34,3,75,52
100.95,375,60,114,441,64,137,26,2,87,52
101,375,60,114,441,65,139,22,1,96,53
101.05,376,60,114,441,65,139,17,1,125,53
101.1,376,60,114,441,65,139,16,1,152,55
101.15,376,60,115,441,65,140,12,1,215,59
101.2,376,60,114,442,65,139,11,1,271,61
101.25,376,60,114,442,65,140,12,1,381,71
101.3,376,60,114,442,65,139,15,1,470,71
101.35,376,60,114,442,65,140,24,1,616,76
101.4,376,60,114,443,65,139,37,1,726,82
101.45,377,60,114,443,65,139,59,3,800,83
101.5,377,60,115,443,65,139,98,4,788,89
101.55,377,60,115,443,65,139,146,6,795,88
101.6,377,60,115,443,65,139,180,6,709,85
101.65,377,60,115,443,65,138,180,6,573,97
101.7,377,60,115,444,65,140,180,6,505,132
101.75,378,60,115,444,65,139,180,6,368,116
101.8,378,60,115,445,65,140,178,6,319,114
101.85,378,60,115,445,65,140,178,8,230,92
101.9,378,60,115,446,65,140,178,8,196,83
101.95,378,60,115,446,65,140,167,10,171,82
102,378,60,115,446,65,139,161,10,117,70
102.05,378,60,115,446,65,140,138,9,109,70
102.1,378,60,115,446,65,138,105,7,77,64
102.15,378,60,114,448,65,140,74,6,78,59
102.2,378,60,115,448,65,140,56,6,75,57
102.25,378,60,115,449,66,141,35,5,95,58
102.3,378,60,115,449,66,141,29,5,95,58
102.35,378,60,115,449,66,141,26,5,123,60
102.4,378,60,115,449,65,141,26,3,146,59
102.45,378,60,115,450,65,141,24,3,180,61
102.5,379,60,115,450,66,141,23,3,230,61
102.55,379,60,115,451,65,141,21,2,277,64
102.6,379,60,115,451,66,141,21,3,385,68
102.65,379,60,115,451,66,141,28,3,428,68
102.7,379,60,115,451,66,142,40,3,583,84
102.75,380,60,116,452,66,142,56,8,635,89
102.8,380,60,116,452,66,142,88,10,763,107
102.85,381,60,116,452,66,142,144,13,700,127
102.9,381,60,116,452,66,142,180,13,528,103
102.95,381,60,116,453,66,142,180,13,426,99
103,381,60,116,452,66,141,180,13,289,88
103.05,381,60,116,452,66,142,179,14,230,78
103.1,382,60,116,451,65,140,177,15,149,73
103.15,381,60,116,451,65,140,169,15,102,64
103.2,382,60,116,452,65,141,126,13,70,58
103.25,382,60,116,453,65,142,88,14,69,56
103.3,382,60,116,453,66,141,45,7,67,55
103.35,382,60,116,454,66,142,24,5,85,57
103.4,382,60,116,454,66,142,11,3,103,56
103.45,382,61,116,454,66,142,7,2,137,61
103.5,382,60,115,454,66,142,7,1,174,64
103.55,383,60,115,454,66,142,5,1,225,67
103.6,382,60,115,454,66,142,5,1,310,79
103.65,382,60,115,455,66,142,6,1,406,87
103.7,383,60,115,455,66,142,7,1,573,101
103.75,382,60,115,455,66,142,11,1,743,133
103.8,384,60,115,455,66,142,17,2,800,136
103.85,384,60,115,455,66,142,29,3,800,140
103.9,386,60,116,456,66,143,53,7,800,141
103.95,387,60,116,455,66,143,102,8,773,150
104,387,60,116,456,66,143,179,17,689,149
104.05,387,60,116,456,66,144,180,17,503,127
104.1,387,60,116,456,66,144,180,17,386,123
104.15,388,60,116,457,67,144,178,18,284,119
104.2,388,60,116,456,66,144,180,24,215,104
104.25,388,60,116,457,67,144,170,26,167,90
104.3,388,60,116,457,67,144,158,24,112,80
104.35,388,60,116,458,66,143,135,21,83,71
104.4,388,60,116,458,66,143,88,15,71,67
104.45,387,60,116,459,67,144,55,13,71,66
104.5,388,60,116,460,67,145,31,9,76,65
104.55,389,60,117,460,67,145,23,8,91,65
104.6,389,60,116,460,67,145,14,5,120,67
104.65,391,60,117,460,67,144,8,4,153,69
104.7,392,60,117,460,67,145,5,3,211,71
104.75,396,60,118,460,67,145,3,2,268,71
104.8,396,60,118,461,67,145,3,2,383,72
104.85,396,60,118,461,67,145,4,2,484,78
104.9,396,60,118,461,67,145,6,2,673,84
104.95,397,60,118,462,67,145,12,2,800,89
105,397,60,118,462,67,145,20,5,800,91
105.05,397,60,118,462,67,146,26,5,800,90
105.1,398,60,118,461,67,145,47,9,799,93
105.15,398,60,118,462,67,146,77,10,800,94
105.2,399,60,118,462,67,146,122,12,764,92
105.25,399,60,118,463,67,146,180,16,759,96
105.3,399,60,118,463,67,146,180,16,625,100
105.35,399,60,119,463,67,146,180,16,563,91
105.4,399,60,119,464,67,147,180,17,437,85
105.45,399,60,119,464,67,147,180,17,360,79
105.5,399,60,119,464,67,146,178,20,295,78
105.55,399,60,119,464,67,146,179,19,226,73
105.6,400,60,119,465,67,147,167,16,169,70
105.65,400,60,119,465,67,147,153,16,119,67
105.7,400,60,119,465,68,147,122,16,113,65
105.75,400,60,119,465,67,147,83,13,103,62
105.8,400,60,119,466,68,148,55,11,115,63
105.85,400,60,119,466,68,147,41,10,131,62
105.9,401,61,120,467,68,148,29,8,161,62
105.95,401,61,120,467,68,148,24,7,191,61
106,401,61,120,467,68,148,20,5,231,63
106.05,401,61,121,468,68,148,19,5,308,66
106.1,402,61,121,467,68,148,21,4,365,66
106.15,402,61,121,468,68,148,30,4,493,72
106.2,402,61,121,468,68,148,42,4,541,78
106.25,403,61,121,469,68,149,59,4,676,87
106.3,403,61,121,469,68,148,85,8,737,94
106.35,404,61,121,469,68,149,147,11,655,94
106.4,404,61,122,469,68,149,180,14,493,85
106.45,404,61,122,469,68,149,180,14,339,77
106.5,404,61,122,469,68,150,179,15,244,79
106.55,404,61,122,469,68,149,179,16,186,75
106.6,404,61,121,469,69,150,162,14,135,72
106.65,404,61,121,468,68,149,126,11,105,71
106.7,404,61,121,469,68,150,98,9,91,67
106.75,405,61,121,469,68,149,66,8,87,68
106.8,405,61,122,469,68,149,42,8,97,72
106.85,405,61,122,469,68,149,39,8,103,71
106.9,405,61,123,469,68,149,27,7,127,72
106.95,406,61,123,470,68,150,23,7,141,74
107,405,61,122,470,68,149,24,7,187,75
107.05,406,61,122,471,68,151,24,6,213,76
107.1,406,61,122,470,68,150,28,4,267,78
107.15,406,61,122,472,68,151,34,4,298,79
107.2,407,61,122,471,68,150,41,4,347,82
107.25,407,61,122,472,68,150,47,4,425,85
107.3,407,61,122,472,68,150,61,4,489,92
107.35,407,61,122,472,68,150,81,4,538,95
107.4,408,61,122,473,69,151,113,4,524,97
107.45,408,61,123,472,69,151,153,5,506,98
107.5,408,61,123,473,69,151,180,6,360,87
107.55,408,61,123,472,68,151,180,7,310,91
107.6,408,61,123,473,69,152,177,7,225,86
107.65,408,61,123,473,69,151,173,8,202,83
107.7,408,61,123,474,69,152,158,9,149,75
107.75,409,61,123,475,69,151,136,9,128,71
107.8,409,61,123,474,69,152,112,5,107,66
107.85,409,61,123,475,69,151,84,5,99,64
107.9,409,61,123,475,69,152,63,4,119,65
107.95,409,61,123,475,69,152,37,3,130,65
108,409,61,123,475,69,151,32,3,164,67
108.05,409,61,124,476,69,153,28,2,184,67
108.1,409,61,124,476,69,152,29,3,229,67
108.15,410,61,124,476,69,153,28,3,277,69
108.2,410,61,124,477,69,152,32,4,351,78
108.25,410,61,124,477,69,153,40,6,414,80
108.3,411,61,124,477,69,153,44,6,492,90
108.35,411,61,125,477,69,153,66,7,572,97
108.4,411,61,124,477,69,154,94,9,607,98
108.45,412,61,125,477,69,153,133,9,583,106
108.5,412,62,125,478,70,154,180,11,480,100
108.55,412,62,125,479,70,154,180,11,374,92
108.6,412,62,125,479,70,155,180,11,297,91
108.65,412,62,125,479,70,154,177,11,224,82
108.7,412,62,125,478,70,155,175,10,162,78
108.75,412,62,125,478,70,154,164,11,116,72
108.8,412,62,125,478,70,155,135,13,91,63
108.85,412,62,125,478,70,155,91,12,81,60
108.9,412,62,125,478,70,155,66,10,86,56
108.95,412,62,125,478,70,155,51,9,80,55
109,413,62,125,478,69,154,31,6,98,57
109.05,413,62,125,478,70,155,23,5,118,57
109.1,413,62,125,478,69,153,19,5,143,57
109.15,414,62,125,478,70,155,15,5,193,60
109.2,414,62,126,478,69,154,14,4,230,63
109.25,414,62,125,479,69,154,15,4,333,65
109.3,415,62,125,479,70,155,19,5,372,71
109.35,415,62,125,479,69,154,26,5,494,75
109.4,415,62,125,480,70,155,41,7,548,80
109.45,416,62,126,479,69,154,60,9,662,93
109.5,416,62,126,480,70,156,92,11,732,96
109.55,416,62,126,480,70,155,133,14,688,99
109.6,417,62,126,480,70,155,180,18,663,100
109.65,417,62,126,480,70,155,179,18,527,95
109.7,417,62,126,480,70,155,180,18,491,100
109.75,417,62,126,480,70,155,180,17,385,92
109.8,417,62,127,480,69,154,177,18,303,88
109.85,417,62,126,480,69,154,176,17,236,84
109.9,417,62,127,480,69,154,172,19,187,82
109.95,417,62,127,480,69,154,161,19,140,74
110,417,62,127,480,69,154,134,20,122,76
110.05,417,63,127,480,69,154,98,15,122,76
110.1,418,62,127,480,69,155,70,13,118,76
110.15,418,62,127,481,69,155,53,12,129,74
110.2,418,62,127,481,70,156,44,10,144,75
110.25,418,62,126,480,69,155,35,9,160,73
110.3,418,62,127,481,70,156,39,8,184,72
110.35,418,62,127,481,70,156,40,7,217,81
110.4,418,62,127,482,70,157,37,6,275,82
110.45,418,62,126,482,70,156,38,6,325,85
110.5,419,62,126,483,70,157,46,7,397,88
110.55,419,62,127,483,70,157,58,8,462,90
110.6,419,62,127,483,70,157,74,10,517,96
110.65,420,62,127,484,70,158,96,12,552,99
110.7,420,62,127,483,70,157,127,14,509,100
110.75,421,62,127,484,70,158,176,16,453,96
110.8,421,62,127,483,70,157,180,19,352,93
110.85,421,62,127,484,70,158,180,19,293,91
110.9,421,62,127,484,70,157,178,18,224,86
110.95,421,62,127,484,70,158,166,17,175,79
111,421,62,127,484,70,157,159,16,133,69
111.05,421,62,127,485,70,158,134,16,101,62
111.1,421,62,127,485,70,158,100,13,86,62
111.15,422,62,127,484,70,157,62,9,79,57
111.2,422,62,127,485,70,158,39,6,91,57
111.25,422,62,127,485,70,158,22,5,102,59
111.3,422,62,127,485,70,159,18,4,139,62
111.35,422,62,127,485,70,158,14,4,174,66
111.4,422,62,127,486,70,159,7,2,243,69
111.45,420,63,127,486,70,158,7,3,317,74
111.5,420,63,128,487,70,159,9,4,411,77
111.55,420,63,128,487,70,159,10,4,555,83
111.6,420,63,128,487,70,159,15,4,697,91
111.65,422,63,128,488,70,160,26,7,799,97
111.7,422,63,128,488,70,159,35,7,799,99
111.75,423,63,128,488,70,160,48,8,799,104
111.8,423,63,128,488,70,159,73,11,797,104
111.85,424,63,128,488,70,160,114,14,798,112
111.9,425,63,128,488,70,160,178,17,715,116
111.95,425,63,128,489,71,160,180,17,585,121
112,425,63,128,489,71,161,179,17,472,135
112.05,425,63,128,489,71,160,180,17,366,112
112.1,425,63,128,489,71,160,180,18,304,115
112.15,425,63,128,489,71,160,179,19,230,101
112.2,425,63,128,489,71,161,163,20,208,93
112.25,426,63,128,488,70,159,144,20,161,84
112.3,426,63,129,489,71,160,137,19,128,74
112.35,426,63,129,489,71,160,121,18,112,73
112.4,426,63,128,489,70,160,85,16,106,68
112.45,426,63,128,490,71,161,68,14,115,72
112.5,426,63,128,489,70,159,53,13,115,71
112.55,425,63,128,491,71,161,44,12,129,70
112.6,425,63,128,490,70,159,37,9,127,70
112.65,424,63,128,491,71,161,39,9,166,71
112.7,424,63,128,492,71,161,35,9,173,73
112.75,426,63,128,492,71,161,35,7,230,75
112.8,426,63,128,492,71,161,32,6,259,77
112.85,427,63,128,492,71,161,34,6,335,79
112.9,428,63,128,493,71,162,42,6,390,81
112.95,427,63,128,493,71,161,54,6,446,84
113,428,63,129,493,71,162,70,6,521,89
113.05,428,63,129,493,71,162,97,7,498,93
113.1,428,63,129,493,71,163,136,9,525,100
113.15,429,63,129,493,71,162,180,11,373,92
113.2,429,63,129,494,71,162,180,11,319,90
113.25,429,63,129,494,71,162,180,11,223,85
113.3,429,63,129,494,71,162,179,11,159,78
113.35,430,63,129,494,71,162,161,10,123,71
113.4,430,63,129,495,71,163,134,10,100,70
113.45,430,63,129,494,71,163,94,11,98,70
113.5,431,63,129,495,71,162,68,10,94,69
113.55,430,63,129,495,71,163,48,9,103,70
113.6,429,63,129,496,71,163,36,8,126,69
113.65,427,63,129,496,71,162,20,5,173,70
113.7,426,63,128,496,71,163,18,4,200,71
113.75,425,63,128,496,71,162,16,3,282,77
113.8,425,63,129,496,71,163,20,3,334,76
113.85,425,63,128,497,71,163,26,3,432,86
113.9,425,63,128,496,71,163,32,3,528,92
113.95,425,63,129,497,71,163,45,3,644,97
114,425,63,129,497,71,163,59,3,797,104
114.05,426,63,129,497,71,162,104,4,789,103
114.1,427,63,130,497,71,162,163,5,779,112
114.15,427,63,130,498,71,162,180,5,614,103
114.2,427,63,130,498,71,162,180,5,492,93
114.25,427,63,130,497,71,162,180,5,367,86
114.3,427,63,130,498,71,163,180,5,331,90
114.35,427,63,130,498,71,163,177,5,281,84
114.4,427,63,130,498,71,162,171,5,224,78
114.45,427,63,130,498,71,162,168,5,190,75
114.5,427,63,130,499,71,162,161,7,149,71
114.55,427,63,130,499,71,162,145,7,120,68
114.6,427,63,130,498,71,163,114,7,102,67
114.65,427,63,130,499,71,162,90,5,107,64
114.7,427,63,130,498,70,162,66,4,104,63
114.75,428,64,131,499,70,162,40,4,119,63
114.8,428,64,131,498,70,161,33,3,131,63
114.85,428,64,131,499,70,161,36,5,153,65
114.9,428,64,132,499,70,162,40,6,179,69
114.95,428,64,132,500,71,162,41,7,219,73
115,429,64,132,500,71,163,44,7,245,76
115.05,429,64,132,500,71,163,48,8,270,79
115.1,429,64,132,500,71,163,53,10,318,84
115.15,429,64,133,500,71,163,63,13,344,91
115.2,429,64,132,500,71,163,77,13,384,96
115.25,430,64,133,500,71,163,93,18,403,112
115.3,430,64,133,501,71,163,117,18,384,110
115.35,430,64,133,501,71,163,141,20,355,108
115.4,430,64,132,502,71,164,158,21,345,103
115.45,430,64,133,502,71,164,180,21,293,100
115.5,431,64,133,502,71,164,169,22,260,96
115.55,431,64,133,503,71,165,172,24,202,87
115.6,431,64,133,503,72,165,170,25,145,85
115.65,431,64,133,504,71,165,154,23,116,77
115.7,431,64,133,503,71,165,133,22,91,71
115.75,431,64,133,503,71,165,94,19,81,67
115.8,432,64,133,503,71,165,50,14,99,67
115.85,432,64,133,504,72,166,36,12,98,65
115.9,432,64,133,505,71,165,27,11,123,67
115.95,431,64,132,505,72,166,27,10,130,69
116,431,64,132,505,71,166,26,11,166,69
116.05,431,64,132,505,71,166,23,9,201,74
116.1,431,64,132,506,71,165,26,8,260,73
116.15,431,64,132,506,71,166,25,7,318,78
116.2,432,64,133,507,71,166,29,7,391,83
116.25,432,65,133,507,72,166,36,8,490,92
116.3,432,65,133,507,72,167,52,8,538,96
116.35,432,65,133,508,72,166,76,9,617,110
116.4,433,65,134,507,72,167,113,9,589,116
116.45,433,65,134,508,72,167,156,11,574,121
116.5,433,65,134,508,72,167,180,16,482,115
116.55,434,65,134,509,72,168,180,16,415,103
116.6,434,65,134,509,72,168,178,15,333,98
116.65,434,65,135,509,72,168,177,15,280,99
116.7,434,65,134,509,72,167,177,17,211,89
116.75,434,65,135,509,72,168,167,15,162,88
116.8,434,65,135,510,72,168,143,13,143,83
116.85,434,65,135,510,72,168,117,13,121,75
116.9,434,65,135,511,72,168,89,12,122,75
116.95,434,65,135,510,72,167,77,10,116,71
117,434,65,135,511,72,167,60,9,134,73
117.05,434,65,134,511,72,167,48,9,142,73
117.1,434,65,135,511,72,167,46,9,151,73
117.15,434,65,134,511,72,167,42,9,194,80
117.2,434,65,135,510,72,167,37,10,197,78
117.25,435,65,136,511,72,167,33,8,278,87
117.3,436,66,137,510,72,167,30,7,306,88
117.35,436,66,136,512,72,167,38,9,417,93
117.4,436,66,136,511,72,167,49,8,454,93
117.45,436,66,136,512,72,167,69,9,511,102
117.5,436,66,136,512,72,167,87,11,554,106
117.55,437,66,136,512,72,168,119,14,531,105
117.6,437,66,136,513,72,167,155,14,569,124
117.65,437,66,136,512,72,167,180,14,441,110
117.7,437,66,136,513,72,167,180,14,422,115
117.75,437,66,136,513,72,167,178,14,278,105
117.8,437,66,136,514,72,168,177,15,238,101
117.85,438,66,136,513,72,168,173,17,156,92
117.9,437,66,136,514,72,168,158,17,122,81
117.95,437,66,136,514,72,167,132,14,83,72
118,438,66,136,513,72,167,100,12,67,68
118.05,438,66,136,515,72,168,72,11,61,62
118.1,438,66,135,515,72,168,43,8,68,62
118.15,437,65,135,515,72,167,22,7,89,58
118.2,436,65,133,515,72,168,13,6,98,58
118.25,436,65,133,515,72,168,11,6,148,58
118.3,437,65,135,515,72,168,7,5,169,59
118.35,437,65,135,515,72,168,9,5,249,61
118.4,437,66,135,516,72,168,10,5,306,63
118.45,437,66,136,516,72,168,10,4,417,68
118.5,436,66,135,516,72,168,12,4,573,71
118.55,436,66,136,516,72,168,13,3,710,88
118.6,436,66,135,516,72,168,19,3,800,93
